-------------------------------------
Translated Report (Full Report Below)
-------------------------------------

Process:               IINA [33543]
Path:                  /Users/USER/Library/Developer/Xcode/DerivedData/iina-hkezqvhzjalxsffuqoosqwastuaa/Build/Products/Debug/IINA.app/Contents/MacOS/IINA
Identifier:            com.colliderli.iina
Version:               1.4.1 (160)
Code Type:             ARM-64 (Native)
Parent Process:        launchd [1]
User ID:               501

Date/Time:             2025-12-17 05:30:16.8011 +0800
OS Version:            macOS 15.6 (24G84)
Report Version:        12
Anonymous UUID:        93169CE9-BC7D-5B92-8592-30817E8648E5

Sleep/Wake UUID:       A26074AA-9B73-48A7-8B9E-50889EFA07D7

Time Awake Since Boot: 340000 seconds
Time Since Wake:       2203 seconds

System Integrity Protection: enabled

Crashed Thread:        0  Dispatch queue: com.apple.main-thread

Exception Type:        EXC_BREAKPOINT (SIGTRAP)
Exception Codes:       0x0000000000000001, 0x00000001a18d8c24

Termination Reason:    Namespace SIGNAL, Code 5 Trace/BPT trap: 5
Terminating Process:   exc handler [33543]

Thread 0 Crashed::  Dispatch queue: com.apple.main-thread
0   libswiftCore.dylib            	       0x1a18d8c24 closure #1 in closure #1 in closure #1 in _assertionFailure(_:_:file:line:flags:) + 240
1   libswiftCore.dylib            	       0x1a18d8aec closure #1 in closure #1 in _assertionFailure(_:_:file:line:flags:) + 340
2   libswiftCore.dylib            	       0x1a18d8494 _assertionFailure(_:_:file:line:flags:) + 188
3   IINA.debug.dylib              	       0x103d52200 UPnPBrowserWindowController.setupUI() + 656
4   IINA.debug.dylib              	       0x103d51eac UPnPBrowserWindowController.windowDidLoad() + 108 (UPnPBrowserWindowController.swift:34)
5   IINA.debug.dylib              	       0x103d51f50 @objc UPnPBrowserWindowController.windowDidLoad() + 44
6   AppKit                        	       0x19427b818 -[NSWindowController _windowDidLoad] + 620
7   AppKit                        	       0x194277b2c -[NSWindowController window] + 100
8   AppKit                        	       0x1942dbd74 -[NSWindowController showWindow:] + 44
9   IINA.debug.dylib              	       0x103beae58 AppDelegate.openUPnP(_:) + 376 (AppDelegate.swift:951)
10  IINA.debug.dylib              	       0x103beaee0 @objc AppDelegate.openUPnP(_:) + 60
11  AppKit                        	       0x1942b4fb0 -[NSApplication(NSResponder) sendAction:to:from:] + 560
12  AppKit                        	       0x19437d290 -[NSMenuItem _corePerformAction] + 372
13  AppKit                        	       0x194ae098c _NSMenuPerformActionWithHighlighting + 152
14  AppKit                        	       0x1943b4aec -[NSMenu performActionForItemAtIndex:] + 200
15  AppKit                        	       0x1943b4a0c -[NSMenu _internalPerformActionForItemAtIndex:] + 76
16  AppKit                        	       0x194ad63cc +[NSCocoaMenuImpl _performActionForMenuItem:] + 176
17  AppKit                        	       0x1948d5bd0 -[NSMenuTrackingSession _performPostTrackingDismissalActions] + 284
18  AppKit                        	       0x1948d58dc -[NSMenuTrackingSession startRunningMenuEventLoop:] + 1532
19  AppKit                        	       0x1948d526c -[NSMenuTrackingSession startMonitoringEvents:] + 284
20  AppKit                        	       0x194997a9c -[NSMenuBarTrackingSession _mouseDownEventHandler:] + 424
21  AppKit                        	       0x1949978c8 -[NSMenuBarTrackingSession _handleMonitorEvent:] + 420
22  AppKit                        	       0x1949975d0 __57-[NSMenuBarTrackingSession _addLocalEventMonitorIfNeeded]_block_invoke + 120
23  AppKit                        	       0x194309cf0 _NSSendEventToDequeuingObservers + 252
24  AppKit                        	       0x194ab4f08 -[NSApplication(NSEventRouting) _nextEventMatchingEventMask:untilDate:inMode:dequeue:] + 2168
25  AppKit                        	       0x194108be4 -[NSApplication run] + 480
26  AppKit                        	       0x1940df2dc NSApplicationMain + 880
27  IINA.debug.dylib              	       0x103bf2860 __debug_main_executable_dylib_entry_point + 12 (AppDelegate.swift:24)
28  dyld                          	       0x18fd66b98 start + 6076

Thread 1:
0   libsystem_pthread.dylib       	       0x190102b6c start_wqthread + 0

Thread 2:: core
0   libsystem_kernel.dylib        	       0x1900c93cc __psynch_cvwait + 8
1   libsystem_pthread.dylib       	       0x1901080e0 _pthread_cond_wait + 984
2   libmpv.2.dylib                	       0x10722e42c mp_dispatch_queue_process + 348
3   libmpv.2.dylib                	       0x107266a2c mp_wait_events + 80
4   libmpv.2.dylib                	       0x107269860 mp_idle + 108
5   libmpv.2.dylib                	       0x1072698cc idle_loop + 44
6   libmpv.2.dylib                	       0x1072615c0 mp_play_files + 348
7   libmpv.2.dylib                	       0x1072471ec core_thread + 72
8   libsystem_pthread.dylib       	       0x190107c0c _pthread_start + 136
9   libsystem_pthread.dylib       	       0x190102b80 thread_start + 8

Thread 3:: */ytdl_hook
0   libsystem_kernel.dylib        	       0x1900c93cc __psynch_cvwait + 8
1   libsystem_pthread.dylib       	       0x1901080e0 _pthread_cond_wait + 984
2   libmpv.2.dylib                	       0x107246a00 wait_wakeup + 128
3   libmpv.2.dylib                	       0x1072473ec mpv_wait_event + 420
4   libmpv.2.dylib                	       0x1072cd704 script_raw_wait_event + 120
5   libluajit-5.1.2.dylib         	       0x106bbadbc 0x106bb4000 + 28092
6   libluajit-5.1.2.dylib         	       0x106bc7ac8 lua_pcall + 148
7   libluajit-5.1.2.dylib         	       0x106bbadbc 0x106bb4000 + 28092
8   libmpv.2.dylib                	       0x1072cd2ec load_scripts + 648
9   libluajit-5.1.2.dylib         	       0x106bbadbc 0x106bb4000 + 28092
10  libluajit-5.1.2.dylib         	       0x106bc7ac8 lua_pcall + 148
11  libluajit-5.1.2.dylib         	       0x106bbadbc 0x106bb4000 + 28092
12  libluajit-5.1.2.dylib         	       0x106bc7b08 lua_cpcall + 28
13  libmpv.2.dylib                	       0x10726c910 run_script + 92
14  libmpv.2.dylib                	       0x10726c964 script_thread + 12
15  libsystem_pthread.dylib       	       0x190107c0c _pthread_start + 136
16  libsystem_pthread.dylib       	       0x190102b80 thread_start + 8

Thread 4:
0   libsystem_pthread.dylib       	       0x190102b6c start_wqthread + 0

Thread 5:: JavaScriptCore libpas scavenger
0   libsystem_kernel.dylib        	       0x1900c93cc __psynch_cvwait + 8
1   libsystem_pthread.dylib       	       0x1901080e0 _pthread_cond_wait + 984
2   JavaScriptCore                	       0x1b0365960 scavenger_thread_main + 1584
3   libsystem_pthread.dylib       	       0x190107c0c _pthread_start + 136
4   libsystem_pthread.dylib       	       0x190102b80 thread_start + 8

Thread 6:: WebCore: Scrolling
0   libsystem_kernel.dylib        	       0x1900c5c34 mach_msg2_trap + 8
1   libsystem_kernel.dylib        	       0x1900d83a0 mach_msg2_internal + 76
2   libsystem_kernel.dylib        	       0x1900ce764 mach_msg_overwrite + 484
3   libsystem_kernel.dylib        	       0x1900c5fa8 mach_msg + 24
4   CoreFoundation                	       0x1901f2cbc __CFRunLoopServiceMachPort + 160
5   CoreFoundation                	       0x1901f15d8 __CFRunLoopRun + 1208
6   CoreFoundation                	       0x1901f0a98 CFRunLoopRunSpecific + 572
7   CoreFoundation                	       0x19026a554 CFRunLoopRun + 64
8   JavaScriptCore                	       0x1aee1a140 WTF::Detail::CallableWrapper<WTF::RunLoop::create(WTF::ASCIILiteral, WTF::ThreadType, WTF::Thread::QOS)::$_0, void>::call() + 52
9   JavaScriptCore                	       0x1aee513b0 WTF::Thread::entryPoint(WTF::Thread::NewThreadContext*) + 240
10  JavaScriptCore                	       0x1aec74c9c WTF::wtfThreadEntryPoint(void*) + 16
11  libsystem_pthread.dylib       	       0x190107c0c _pthread_start + 136
12  libsystem_pthread.dylib       	       0x190102b80 thread_start + 8

Thread 7:
0   libsystem_pthread.dylib       	       0x190102b6c start_wqthread + 0

Thread 8:: core
0   libsystem_kernel.dylib        	       0x1900c93cc __psynch_cvwait + 8
1   libsystem_pthread.dylib       	       0x1901080e0 _pthread_cond_wait + 984
2   libmpv.2.dylib                	       0x10722e42c mp_dispatch_queue_process + 348
3   libmpv.2.dylib                	       0x107266a2c mp_wait_events + 80
4   libmpv.2.dylib                	       0x107269860 mp_idle + 108
5   libmpv.2.dylib                	       0x1072698cc idle_loop + 44
6   libmpv.2.dylib                	       0x1072615c0 mp_play_files + 348
7   libmpv.2.dylib                	       0x1072471ec core_thread + 72
8   libsystem_pthread.dylib       	       0x190107c0c _pthread_start + 136
9   libsystem_pthread.dylib       	       0x190102b80 thread_start + 8

Thread 9:: */stats
0   libsystem_kernel.dylib        	       0x1900c93cc __psynch_cvwait + 8
1   libsystem_pthread.dylib       	       0x1901080e0 _pthread_cond_wait + 984
2   libmpv.2.dylib                	       0x107246a00 wait_wakeup + 128
3   libmpv.2.dylib                	       0x1072473ec mpv_wait_event + 420
4   libmpv.2.dylib                	       0x1072cd704 script_raw_wait_event + 120
5   libluajit-5.1.2.dylib         	       0x106bbadbc 0x106bb4000 + 28092
6   libluajit-5.1.2.dylib         	       0x106bc7ac8 lua_pcall + 148
7   libluajit-5.1.2.dylib         	       0x106bbadbc 0x106bb4000 + 28092
8   libmpv.2.dylib                	       0x1072cd2ec load_scripts + 648
9   libluajit-5.1.2.dylib         	       0x106bbadbc 0x106bb4000 + 28092
10  libluajit-5.1.2.dylib         	       0x106bc7ac8 lua_pcall + 148
11  libluajit-5.1.2.dylib         	       0x106bbadbc 0x106bb4000 + 28092
12  libluajit-5.1.2.dylib         	       0x106bc7b08 lua_cpcall + 28
13  libmpv.2.dylib                	       0x10726c910 run_script + 92
14  libmpv.2.dylib                	       0x10726c964 script_thread + 12
15  libsystem_pthread.dylib       	       0x190107c0c _pthread_start + 136
16  libsystem_pthread.dylib       	       0x190102b80 thread_start + 8

Thread 10:: */console
0   libsystem_kernel.dylib        	       0x1900c93cc __psynch_cvwait + 8
1   libsystem_pthread.dylib       	       0x1901080e0 _pthread_cond_wait + 984
2   libmpv.2.dylib                	       0x107246a00 wait_wakeup + 128
3   libmpv.2.dylib                	       0x1072473ec mpv_wait_event + 420
4   libmpv.2.dylib                	       0x1072cd704 script_raw_wait_event + 120
5   libluajit-5.1.2.dylib         	       0x106bbadbc 0x106bb4000 + 28092
6   libluajit-5.1.2.dylib         	       0x106bc7ac8 lua_pcall + 148
7   libluajit-5.1.2.dylib         	       0x106bbadbc 0x106bb4000 + 28092
8   libmpv.2.dylib                	       0x1072cd2ec load_scripts + 648
9   libluajit-5.1.2.dylib         	       0x106bbadbc 0x106bb4000 + 28092
10  libluajit-5.1.2.dylib         	       0x106bc7ac8 lua_pcall + 148
11  libluajit-5.1.2.dylib         	       0x106bbadbc 0x106bb4000 + 28092
12  libluajit-5.1.2.dylib         	       0x106bc7b08 lua_cpcall + 28
13  libmpv.2.dylib                	       0x10726c910 run_script + 92
14  libmpv.2.dylib                	       0x10726c964 script_thread + 12
15  libsystem_pthread.dylib       	       0x190107c0c _pthread_start + 136
16  libsystem_pthread.dylib       	       0x190102b80 thread_start + 8

Thread 11:: */auto_profiles
0   libsystem_kernel.dylib        	       0x1900c93cc __psynch_cvwait + 8
1   libsystem_pthread.dylib       	       0x1901080e0 _pthread_cond_wait + 984
2   libmpv.2.dylib                	       0x107246a00 wait_wakeup + 128
3   libmpv.2.dylib                	       0x1072473ec mpv_wait_event + 420
4   libmpv.2.dylib                	       0x1072cd704 script_raw_wait_event + 120
5   libluajit-5.1.2.dylib         	       0x106bbadbc 0x106bb4000 + 28092
6   libluajit-5.1.2.dylib         	       0x106bc7ac8 lua_pcall + 148
7   libluajit-5.1.2.dylib         	       0x106bbadbc 0x106bb4000 + 28092
8   libmpv.2.dylib                	       0x1072cd2ec load_scripts + 648
9   libluajit-5.1.2.dylib         	       0x106bbadbc 0x106bb4000 + 28092
10  libluajit-5.1.2.dylib         	       0x106bc7ac8 lua_pcall + 148
11  libluajit-5.1.2.dylib         	       0x106bbadbc 0x106bb4000 + 28092
12  libluajit-5.1.2.dylib         	       0x106bc7b08 lua_cpcall + 28
13  libmpv.2.dylib                	       0x10726c910 run_script + 92
14  libmpv.2.dylib                	       0x10726c964 script_thread + 12
15  libsystem_pthread.dylib       	       0x190107c0c _pthread_start + 136
16  libsystem_pthread.dylib       	       0x190102b80 thread_start + 8

Thread 12:: caulk.messenger.shared:17
0   libsystem_kernel.dylib        	       0x1900c5bb0 semaphore_wait_trap + 8
1   caulk                         	       0x19b77acc8 caulk::semaphore::timed_wait(double) + 224
2   caulk                         	       0x19b77ab70 caulk::concurrent::details::worker_thread::run() + 32
3   caulk                         	       0x19b77a844 void* caulk::thread_proxy<std::__1::tuple<caulk::thread::attributes, void (caulk::concurrent::details::worker_thread::*)(), std::__1::tuple<caulk::concurrent::details::worker_thread*>>>(void*) + 96
4   libsystem_pthread.dylib       	       0x190107c0c _pthread_start + 136
5   libsystem_pthread.dylib       	       0x190102b80 thread_start + 8

Thread 13:: caulk.messenger.shared:high
0   libsystem_kernel.dylib        	       0x1900c5bb0 semaphore_wait_trap + 8
1   caulk                         	       0x19b77acc8 caulk::semaphore::timed_wait(double) + 224
2   caulk                         	       0x19b77ab70 caulk::concurrent::details::worker_thread::run() + 32
3   caulk                         	       0x19b77a844 void* caulk::thread_proxy<std::__1::tuple<caulk::thread::attributes, void (caulk::concurrent::details::worker_thread::*)(), std::__1::tuple<caulk::concurrent::details::worker_thread*>>>(void*) + 96
4   libsystem_pthread.dylib       	       0x190107c0c _pthread_start + 136
5   libsystem_pthread.dylib       	       0x190102b80 thread_start + 8

Thread 14:
0   libsystem_pthread.dylib       	       0x190102b6c start_wqthread + 0

Thread 15:
0   libsystem_pthread.dylib       	       0x190102b6c start_wqthread + 0

Thread 16:: com.apple.NSEventThread
0   libsystem_kernel.dylib        	       0x1900c5c34 mach_msg2_trap + 8
1   libsystem_kernel.dylib        	       0x1900d83a0 mach_msg2_internal + 76
2   libsystem_kernel.dylib        	       0x1900ce764 mach_msg_overwrite + 484
3   libsystem_kernel.dylib        	       0x1900c5fa8 mach_msg + 24
4   CoreFoundation                	       0x1901f2cbc __CFRunLoopServiceMachPort + 160
5   CoreFoundation                	       0x1901f15d8 __CFRunLoopRun + 1208
6   CoreFoundation                	       0x1901f0a98 CFRunLoopRunSpecific + 572
7   AppKit                        	       0x19423978c _NSEventThread + 140
8   libsystem_pthread.dylib       	       0x190107c0c _pthread_start + 136
9   libsystem_pthread.dylib       	       0x190102b80 thread_start + 8

Thread 17:
0   libsystem_pthread.dylib       	       0x190102b6c start_wqthread + 0

Thread 18:
0   libsystem_pthread.dylib       	       0x190102b6c start_wqthread + 0

Thread 19:
0   libsystem_pthread.dylib       	       0x190102b6c start_wqthread + 0


Thread 0 crashed with ARM Thread State (64-bit):
    x0: 0x000000003a600000   x1: 0x0000000000000000   x2: 0xffffffffffffffe0   x3: 0x0000600000c86f60
    x4: 0x0000600000c86fc0   x5: 0x0000000000000013   x6: 0x0000000000000020   x7: 0x0000000000000000
    x8: 0x00000000000000aa   x9: 0x00000000ba42089b  x10: 0x00000000000000a9  x11: 0x0000000000002f40
   x12: 0x00000000000007fb  x13: 0x00000000000007fd  x14: 0x00000000ba62107f  x15: 0x00000000ba42089b
   x16: 0x00000000ba600000  x17: 0x000000000000007f  x18: 0x0000000000000000  x19: 0x0000000142808090
   x20: 0x0000000142808090  x21: 0x0000000000000000  x22: 0x000000014280b030  x23: 0x0000000000000038
   x24: 0x00000001f7c05000  x25: 0x0000000200000003  x26: 0x00000001f7d5b000  x27: 0x0000000000000002
   x28: 0x0000000000000020   fp: 0x000000016d5ca230   lr: 0x00000001a18d8c24
    sp: 0x000000016d5ca210   pc: 0x00000001a18d8c24 cpsr: 0x60000000
   far: 0x0000000000000000  esr: 0xf2000001 (Breakpoint) brk 1

Binary Images:
       0x102834000 -        0x102837fff com.colliderli.iina (1.4.1) <aa4172ae-5c99-3a6a-8335-9417db51dc0b> /Users/USER/Library/Developer/Xcode/DerivedData/iina-hkezqvhzjalxsffuqoosqwastuaa/Build/Products/Debug/IINA.app/Contents/MacOS/IINA
       0x10397c000 -        0x1040abfff IINA.debug.dylib (*) <21ece6c0-5309-3dc2-908d-9a7cadba4cc6> /Users/USER/Library/Developer/Xcode/DerivedData/iina-hkezqvhzjalxsffuqoosqwastuaa/Build/Products/Debug/IINA.app/Contents/MacOS/IINA.debug.dylib
       0x1028b8000 -        0x1028d7fff libsoxr.0.dylib (*) <24f40f16-ef22-3f2a-a10c-d292d5af4463> /Users/USER/Library/Developer/Xcode/DerivedData/iina-hkezqvhzjalxsffuqoosqwastuaa/Build/Products/Debug/IINA.app/Contents/Frameworks/libsoxr.0.dylib
       0x10284c000 -        0x102883fff libnettle.8.dylib (*) <04e74e51-5ea3-3261-a5c4-2d6b0f9de5e6> /Users/USER/Library/Developer/Xcode/DerivedData/iina-hkezqvhzjalxsffuqoosqwastuaa/Build/Products/Debug/IINA.app/Contents/Frameworks/libnettle.8.dylib
       0x102c9c000 -        0x102e07fff libsamplerate.0.dylib (*) <93371c36-d267-342d-91c2-028c70cb8ffd> /Users/USER/Library/Developer/Xcode/DerivedData/iina-hkezqvhzjalxsffuqoosqwastuaa/Build/Products/Debug/IINA.app/Contents/Frameworks/libsamplerate.0.dylib
       0x1029f8000 -        0x102a17fff libunibreak.6.dylib (*) <47e81c48-17b6-3bae-a402-a464f7cd414a> /Users/USER/Library/Developer/Xcode/DerivedData/iina-hkezqvhzjalxsffuqoosqwastuaa/Build/Products/Debug/IINA.app/Contents/Frameworks/libunibreak.6.dylib
       0x102e1c000 -        0x103197fff libshaderc_shared.1.dylib (*) <0f936e95-1bbd-31b1-9186-96f8b302b87d> /Users/USER/Library/Developer/Xcode/DerivedData/iina-hkezqvhzjalxsffuqoosqwastuaa/Build/Products/Debug/IINA.app/Contents/Frameworks/libshaderc_shared.1.dylib
       0x102998000 -        0x1029c3fff librubberband.2.dylib (*) <cf77dd18-47a8-35e4-b08a-7e0b2eb56260> /Users/USER/Library/Developer/Xcode/DerivedData/iina-hkezqvhzjalxsffuqoosqwastuaa/Build/Products/Debug/IINA.app/Contents/Frameworks/librubberband.2.dylib
       0x102b7c000 -        0x102bfffff libarchive.13.dylib (*) <43392341-db36-3338-b872-831f542f7349> /Users/USER/Library/Developer/Xcode/DerivedData/iina-hkezqvhzjalxsffuqoosqwastuaa/Build/Products/Debug/IINA.app/Contents/Frameworks/libarchive.13.dylib
       0x1028a0000 -        0x1028a3fff libXdmcp.6.dylib (*) <083c1a44-cff7-3f93-ab55-e5295e141149> /Users/USER/Library/Developer/Xcode/DerivedData/iina-hkezqvhzjalxsffuqoosqwastuaa/Build/Products/Debug/IINA.app/Contents/Frameworks/libXdmcp.6.dylib
       0x102a9c000 -        0x102ac3fff libuchardet.0.dylib (*) <4cfc2cfa-3d9b-30d7-aca7-67ac382501a6> /Users/USER/Library/Developer/Xcode/DerivedData/iina-hkezqvhzjalxsffuqoosqwastuaa/Build/Products/Debug/IINA.app/Contents/Frameworks/libuchardet.0.dylib
       0x102a24000 -        0x102a63fff liblcms2.2.dylib (*) <c26014d3-afda-345b-a2b6-f4fad1c63fcf> /Users/USER/Library/Developer/Xcode/DerivedData/iina-hkezqvhzjalxsffuqoosqwastuaa/Build/Products/Debug/IINA.app/Contents/Frameworks/liblcms2.2.dylib
       0x102ad4000 -        0x102b2ffff libvulkan.1.dylib (*) <f996c6bf-05bf-3466-ba77-92733fbf8729> /Users/USER/Library/Developer/Xcode/DerivedData/iina-hkezqvhzjalxsffuqoosqwastuaa/Build/Products/Debug/IINA.app/Contents/Frameworks/libvulkan.1.dylib
       0x10291c000 -        0x10291ffff libsharpyuv.0.dylib (*) <d817e5ce-d6c7-35b9-8a63-78a8ef67afea> /Users/USER/Library/Developer/Xcode/DerivedData/iina-hkezqvhzjalxsffuqoosqwastuaa/Build/Products/Debug/IINA.app/Contents/Frameworks/libsharpyuv.0.dylib
       0x1037d0000 -        0x103867fff libdav1d.7.dylib (*) <f080d083-11fe-34fb-b7b3-d2ce0857cd41> /Users/USER/Library/Developer/Xcode/DerivedData/iina-hkezqvhzjalxsffuqoosqwastuaa/Build/Products/Debug/IINA.app/Contents/Frameworks/libdav1d.7.dylib
       0x102a80000 -        0x102a87fff libb2.1.dylib (*) <85135f86-c98e-32a6-b9a8-edc2c9bee895> /Users/USER/Library/Developer/Xcode/DerivedData/iina-hkezqvhzjalxsffuqoosqwastuaa/Build/Products/Debug/IINA.app/Contents/Frameworks/libb2.1.dylib
       0x1034cc000 -        0x1034ebfff liblzma.5.dylib (*) <2513d46c-2d11-354b-8286-eddfaf79ff81> /Users/USER/Library/Developer/Xcode/DerivedData/iina-hkezqvhzjalxsffuqoosqwastuaa/Build/Products/Debug/IINA.app/Contents/Frameworks/liblzma.5.dylib
       0x102c24000 -        0x102c63fff libbluray.2.dylib (*) <08400447-8c79-3c9a-a6bc-d72cef038e83> /Users/USER/Library/Developer/Xcode/DerivedData/iina-hkezqvhzjalxsffuqoosqwastuaa/Build/Products/Debug/IINA.app/Contents/Frameworks/libbluray.2.dylib
       0x102b60000 -        0x102b6bfff libpostproc.58.dylib (*) <e6d03355-e28f-37b7-959e-87b16f33cb20> /Users/USER/Library/Developer/Xcode/DerivedData/iina-hkezqvhzjalxsffuqoosqwastuaa/Build/Products/Debug/IINA.app/Contents/Frameworks/libpostproc.58.dylib
       0x103654000 -        0x1036e3fff libbrotlienc.1.dylib (*) <80f5ee18-62a2-383b-a507-be74c77e16a2> /Users/USER/Library/Developer/Xcode/DerivedData/iina-hkezqvhzjalxsffuqoosqwastuaa/Build/Products/Debug/IINA.app/Contents/Frameworks/libbrotlienc.1.dylib
       0x102c7c000 -        0x102c87fff libbrotlidec.1.dylib (*) <33d92010-9e72-3cbc-b93c-1d74e7380bdb> /Users/USER/Library/Developer/Xcode/DerivedData/iina-hkezqvhzjalxsffuqoosqwastuaa/Build/Products/Debug/IINA.app/Contents/Frameworks/libbrotlidec.1.dylib
       0x10352c000 -        0x103533fff libsnappy.1.dylib (*) <95b470f3-dc83-382b-8d3d-fec93daeaeb7> /Users/USER/Library/Developer/Xcode/DerivedData/iina-hkezqvhzjalxsffuqoosqwastuaa/Build/Products/Debug/IINA.app/Contents/Frameworks/libsnappy.1.dylib
       0x103540000 -        0x1035ebfff libplacebo.338.dylib (*) <0024ec9a-ed1f-39ba-bc31-29c0c24af7fd> /Users/USER/Library/Developer/Xcode/DerivedData/iina-hkezqvhzjalxsffuqoosqwastuaa/Build/Products/Debug/IINA.app/Contents/Frameworks/libplacebo.338.dylib
       0x103628000 -        0x10362ffff libwebpmux.3.dylib (*) <3dcca992-4452-3546-ae22-da33c88de4e0> /Users/USER/Library/Developer/Xcode/DerivedData/iina-hkezqvhzjalxsffuqoosqwastuaa/Build/Products/Debug/IINA.app/Contents/Frameworks/libwebpmux.3.dylib
       0x1038cc000 -        0x1038f3fff libass.9.dylib (*) <8c4c8025-8b63-30b7-a433-7f1944cd3eaa> /Users/USER/Library/Developer/Xcode/DerivedData/iina-hkezqvhzjalxsffuqoosqwastuaa/Build/Products/Debug/IINA.app/Contents/Frameworks/libass.9.dylib
       0x104d08000 -        0x104ea7fff libunistring.5.dylib (*) <a7b784e7-370b-3d72-ae72-ed60c80f1492> /Users/USER/Library/Developer/Xcode/DerivedData/iina-hkezqvhzjalxsffuqoosqwastuaa/Build/Products/Debug/IINA.app/Contents/Frameworks/libunistring.5.dylib
       0x1034fc000 -        0x103503fff libhwy.1.dylib (*) <c5498a57-3d90-376f-a92e-84db82b21c55> /Users/USER/Library/Developer/Xcode/DerivedData/iina-hkezqvhzjalxsffuqoosqwastuaa/Build/Products/Debug/IINA.app/Contents/Frameworks/libhwy.1.dylib
       0x104990000 -        0x104be7fff libavfilter.10.dylib (*) <c1d414e3-d919-37bb-bd55-5b0598ae44be> /Users/USER/Library/Developer/Xcode/DerivedData/iina-hkezqvhzjalxsffuqoosqwastuaa/Build/Products/Debug/IINA.app/Contents/Frameworks/libavfilter.10.dylib
       0x105288000 -        0x1053fbfff libgnutls.30.dylib (*) <34772683-ff08-3634-af6a-12f1eb43be71> /Users/USER/Library/Developer/Xcode/DerivedData/iina-hkezqvhzjalxsffuqoosqwastuaa/Build/Products/Debug/IINA.app/Contents/Frameworks/libgnutls.30.dylib
       0x104c8c000 -        0x104cc7fff libhogweed.6.dylib (*) <33192514-bd49-3bee-890f-1ffccb156602> /Users/USER/Library/Developer/Xcode/DerivedData/iina-hkezqvhzjalxsffuqoosqwastuaa/Build/Products/Debug/IINA.app/Contents/Frameworks/libhogweed.6.dylib
       0x104ec8000 -        0x104f0ffff org.sparkle-project.Sparkle (2.8.1) <a308656d-31e2-38dc-9b95-54f3287f3899> /Users/USER/Library/Developer/Xcode/DerivedData/iina-hkezqvhzjalxsffuqoosqwastuaa/Build/Products/Debug/IINA.app/Contents/Frameworks/Sparkle.framework/Versions/B/Sparkle
       0x103514000 -        0x103517fff libxcb-shm.0.dylib (*) <03f6cb57-9209-3139-971e-902af1c9d979> /Users/USER/Library/Developer/Xcode/DerivedData/iina-hkezqvhzjalxsffuqoosqwastuaa/Build/Products/Debug/IINA.app/Contents/Frameworks/libxcb-shm.0.dylib
       0x105458000 -        0x1054d7fff libavutil.59.dylib (*) <01bf017a-75df-3d07-a950-0f6c3c00568f> /Users/USER/Library/Developer/Xcode/DerivedData/iina-hkezqvhzjalxsffuqoosqwastuaa/Build/Products/Debug/IINA.app/Contents/Frameworks/libavutil.59.dylib
       0x103748000 -        0x10375ffff libintl.8.dylib (*) <fbd1c3a2-bee2-32c8-8933-a4dd41648e15> /Users/USER/Library/Developer/Xcode/DerivedData/iina-hkezqvhzjalxsffuqoosqwastuaa/Build/Products/Debug/IINA.app/Contents/Frameworks/libintl.8.dylib
       0x103770000 -        0x103783fff libspeex.1.dylib (*) <95ae9f37-3a25-311f-888c-f536851a0283> /Users/USER/Library/Developer/Xcode/DerivedData/iina-hkezqvhzjalxsffuqoosqwastuaa/Build/Products/Debug/IINA.app/Contents/Frameworks/libspeex.1.dylib
       0x10505c000 -        0x1050d3fff libpcre2-8.0.dylib (*) <38894605-9691-34d3-9e76-d57dd921703f> /Users/USER/Library/Developer/Xcode/DerivedData/iina-hkezqvhzjalxsffuqoosqwastuaa/Build/Products/Debug/IINA.app/Contents/Frameworks/libpcre2-8.0.dylib
       0x1050e8000 -        0x10513bfff libswscale.8.dylib (*) <4002d5d2-90b8-3835-a687-322d6424d95a> /Users/USER/Library/Developer/Xcode/DerivedData/iina-hkezqvhzjalxsffuqoosqwastuaa/Build/Products/Debug/IINA.app/Contents/Frameworks/libswscale.8.dylib
       0x10363c000 -        0x10363ffff libjxl_threads.0.10.dylib (*) <6f2ea8d6-991f-32ea-8523-9441c0fd34ec> /Users/USER/Library/Developer/Xcode/DerivedData/iina-hkezqvhzjalxsffuqoosqwastuaa/Build/Products/Debug/IINA.app/Contents/Frameworks/libjxl_threads.0.10.dylib
       0x104f30000 -        0x104f67fff libzimg.2.dylib (*) <aa288ecb-7cbb-3e03-9f74-fb7f343aa390> /Users/USER/Library/Developer/Xcode/DerivedData/iina-hkezqvhzjalxsffuqoosqwastuaa/Build/Products/Debug/IINA.app/Contents/Frameworks/libzimg.2.dylib
       0x106928000 -        0x106a53fff libjxl.0.10.dylib (*) <58dd173b-a7f0-3555-9b98-4358e8ce3eac> /Users/USER/Library/Developer/Xcode/DerivedData/iina-hkezqvhzjalxsffuqoosqwastuaa/Build/Products/Debug/IINA.app/Contents/Frameworks/libjxl.0.10.dylib
       0x1036f8000 -        0x103727fff libidn2.0.dylib (*) <488fdcc4-f731-30c1-aac1-bc2252835ca5> /Users/USER/Library/Developer/Xcode/DerivedData/iina-hkezqvhzjalxsffuqoosqwastuaa/Build/Products/Debug/IINA.app/Contents/Frameworks/libidn2.0.dylib
       0x105154000 -        0x105187fff libmujs.dylib (*) <b439368a-a8a2-3e69-a686-7860d5cde22f> /Users/USER/Library/Developer/Xcode/DerivedData/iina-hkezqvhzjalxsffuqoosqwastuaa/Build/Products/Debug/IINA.app/Contents/Frameworks/libmujs.dylib
       0x103790000 -        0x1037abfff libfribidi.0.dylib (*) <b70d31b2-7c4c-371e-b651-68e9ad1972b5> /Users/USER/Library/Developer/Xcode/DerivedData/iina-hkezqvhzjalxsffuqoosqwastuaa/Build/Products/Debug/IINA.app/Contents/Frameworks/libfribidi.0.dylib
       0x104f94000 -        0x104feffff libzmq.5.dylib (*) <0a568399-a9bc-30ca-b330-98bb6bf78f63> /Users/USER/Library/Developer/Xcode/DerivedData/iina-hkezqvhzjalxsffuqoosqwastuaa/Build/Products/Debug/IINA.app/Contents/Frameworks/libzmq.5.dylib
       0x106510000 -        0x106567fff libgmp.10.dylib (*) <22e9e3b7-6e1f-3b91-9632-131f0eee034c> /Users/USER/Library/Developer/Xcode/DerivedData/iina-hkezqvhzjalxsffuqoosqwastuaa/Build/Products/Debug/IINA.app/Contents/Frameworks/libgmp.10.dylib
       0x103944000 -        0x10394ffff libtasn1.6.dylib (*) <c5690b6b-5a4e-3bdd-b887-9923f432f71d> /Users/USER/Library/Developer/Xcode/DerivedData/iina-hkezqvhzjalxsffuqoosqwastuaa/Build/Products/Debug/IINA.app/Contents/Frameworks/libtasn1.6.dylib
       0x1037bc000 -        0x1037bffff libxcb-xfixes.0.dylib (*) <bc767ae5-8eae-3c31-bfec-b5f3ad72c3f7> /Users/USER/Library/Developer/Xcode/DerivedData/iina-hkezqvhzjalxsffuqoosqwastuaa/Build/Products/Debug/IINA.app/Contents/Frameworks/libxcb-xfixes.0.dylib
       0x106580000 -        0x1065bffff libwebp.7.dylib (*) <bde67117-feee-3e02-bdd6-f419708cb957> /Users/USER/Library/Developer/Xcode/DerivedData/iina-hkezqvhzjalxsffuqoosqwastuaa/Build/Products/Debug/IINA.app/Contents/Frameworks/libwebp.7.dylib
       0x1065d8000 -        0x1067affff libavformat.61.dylib (*) <edd205ba-ead3-33ac-9abd-323878b6bab0> /Users/USER/Library/Developer/Xcode/DerivedData/iina-hkezqvhzjalxsffuqoosqwastuaa/Build/Products/Debug/IINA.app/Contents/Frameworks/libavformat.61.dylib
       0x10519c000 -        0x105247fff libzstd.1.dylib (*) <50bb16ab-207a-38ca-9641-7ea02ee57990> /Users/USER/Library/Developer/Xcode/DerivedData/iina-hkezqvhzjalxsffuqoosqwastuaa/Build/Products/Debug/IINA.app/Contents/Frameworks/libzstd.1.dylib
       0x106808000 -        0x106863fff libjpeg.8.dylib (*) <5b2fc141-f758-3d56-9816-3aa1059cfd5b> /Users/USER/Library/Developer/Xcode/DerivedData/iina-hkezqvhzjalxsffuqoosqwastuaa/Build/Products/Debug/IINA.app/Contents/Frameworks/libjpeg.8.dylib
       0x10719c000 -        0x107433fff libmpv.2.dylib (*) <6f60ed1a-cfea-375e-b5ea-67f293e21d1c> /Users/USER/Library/Developer/Xcode/DerivedData/iina-hkezqvhzjalxsffuqoosqwastuaa/Build/Products/Debug/IINA.app/Contents/Frameworks/libmpv.2.dylib
       0x103960000 -        0x10396bfff libjxl_cms.0.10.dylib (*) <58a03ddf-c2a8-39db-917e-7e644d4f352d> /Users/USER/Library/Developer/Xcode/DerivedData/iina-hkezqvhzjalxsffuqoosqwastuaa/Build/Products/Debug/IINA.app/Contents/Frameworks/libjxl_cms.0.10.dylib
       0x105034000 -        0x105037fff libXau.6.dylib (*) <af8acecd-49d7-34fb-9329-a8d20247afab> /Users/USER/Library/Developer/Xcode/DerivedData/iina-hkezqvhzjalxsffuqoosqwastuaa/Build/Products/Debug/IINA.app/Contents/Frameworks/libXau.6.dylib
       0x104cdc000 -        0x104ceffff libswresample.5.dylib (*) <5d860767-5df2-33bf-9c36-3804ac5df363> /Users/USER/Library/Developer/Xcode/DerivedData/iina-hkezqvhzjalxsffuqoosqwastuaa/Build/Products/Debug/IINA.app/Contents/Frameworks/libswresample.5.dylib
       0x1068dc000 -        0x1068f3fff libavdevice.61.dylib (*) <95b47d1a-3e15-304c-934e-5ae67d4c99fa> /Users/USER/Library/Developer/Xcode/DerivedData/iina-hkezqvhzjalxsffuqoosqwastuaa/Build/Products/Debug/IINA.app/Contents/Frameworks/libavdevice.61.dylib
       0x106bb4000 -        0x106c27fff libluajit-5.1.2.dylib (*) <ebd864cb-2255-3178-a9c6-d75bb7615ad5> /Users/USER/Library/Developer/Xcode/DerivedData/iina-hkezqvhzjalxsffuqoosqwastuaa/Build/Products/Debug/IINA.app/Contents/Frameworks/libluajit-5.1.2.dylib
       0x105048000 -        0x10504bfff libxcb-shape.0.dylib (*) <677eee1b-19cd-32e1-b02b-6326bd1b9739> /Users/USER/Library/Developer/Xcode/DerivedData/iina-hkezqvhzjalxsffuqoosqwastuaa/Build/Products/Debug/IINA.app/Contents/Frameworks/libxcb-shape.0.dylib
       0x105264000 -        0x10526ffff libvidstab.1.2.dylib (*) <945cb4cd-6880-367b-8720-cc94bda7780f> /Users/USER/Library/Developer/Xcode/DerivedData/iina-hkezqvhzjalxsffuqoosqwastuaa/Build/Products/Debug/IINA.app/Contents/Frameworks/libvidstab.1.2.dylib
       0x10687c000 -        0x10689ffff libpng16.16.dylib (*) <c5f97277-5a16-3165-b6a4-c02ecb5856e3> /Users/USER/Library/Developer/Xcode/DerivedData/iina-hkezqvhzjalxsffuqoosqwastuaa/Build/Products/Debug/IINA.app/Contents/Frameworks/libpng16.16.dylib
       0x106c3c000 -        0x106c83fff libsodium.26.dylib (*) <a75b66a5-7c1b-307d-8564-3089bf83079d> /Users/USER/Library/Developer/Xcode/DerivedData/iina-hkezqvhzjalxsffuqoosqwastuaa/Build/Products/Debug/IINA.app/Contents/Frameworks/libsodium.26.dylib
       0x1068b0000 -        0x1068cffff libbrotlicommon.1.dylib (*) <15dfbb90-c0d0-3c0f-b36d-bf3dc58fe719> /Users/USER/Library/Developer/Xcode/DerivedData/iina-hkezqvhzjalxsffuqoosqwastuaa/Build/Products/Debug/IINA.app/Contents/Frameworks/libbrotlicommon.1.dylib
       0x106f00000 -        0x106fc3fff libharfbuzz.0.dylib (*) <8e4e5c1a-09bb-323b-ad5e-ee305d2f2c3f> /Users/USER/Library/Developer/Xcode/DerivedData/iina-hkezqvhzjalxsffuqoosqwastuaa/Build/Products/Debug/IINA.app/Contents/Frameworks/libharfbuzz.0.dylib
       0x106b18000 -        0x106b2bfff libxcb.1.dylib (*) <2f7726bb-1c18-368a-9d3a-949928009d26> /Users/USER/Library/Developer/Xcode/DerivedData/iina-hkezqvhzjalxsffuqoosqwastuaa/Build/Products/Debug/IINA.app/Contents/Frameworks/libxcb.1.dylib
       0x106ab4000 -        0x106ae7fff libfontconfig.1.dylib (*) <38c153b8-da8c-3faa-b8d0-44a78d5cabd8> /Users/USER/Library/Developer/Xcode/DerivedData/iina-hkezqvhzjalxsffuqoosqwastuaa/Build/Products/Debug/IINA.app/Contents/Frameworks/libfontconfig.1.dylib
       0x107030000 -        0x10711ffff libglib-2.0.0.dylib (*) <00dc5305-53cf-3668-9100-7e862480ff11> /Users/USER/Library/Developer/Xcode/DerivedData/iina-hkezqvhzjalxsffuqoosqwastuaa/Build/Products/Debug/IINA.app/Contents/Frameworks/libglib-2.0.0.dylib
       0x106ca0000 -        0x106cb3fff libgraphite2.3.dylib (*) <3a69071a-24ff-3591-aa3d-41f52f386f26> /Users/USER/Library/Developer/Xcode/DerivedData/iina-hkezqvhzjalxsffuqoosqwastuaa/Build/Products/Debug/IINA.app/Contents/Frameworks/libgraphite2.3.dylib
       0x106cc4000 -        0x106db7fff libp11-kit.0.dylib (*) <72f33e9a-544c-3ba6-b612-542c2ad8a61e> /Users/USER/Library/Developer/Xcode/DerivedData/iina-hkezqvhzjalxsffuqoosqwastuaa/Build/Products/Debug/IINA.app/Contents/Frameworks/libp11-kit.0.dylib
       0x1089e8000 -        0x1092f7fff libavcodec.61.dylib (*) <05d9e113-3822-3174-9cd2-65b469b7be4f> /Users/USER/Library/Developer/Xcode/DerivedData/iina-hkezqvhzjalxsffuqoosqwastuaa/Build/Products/Debug/IINA.app/Contents/Frameworks/libavcodec.61.dylib
       0x106e28000 -        0x106ea3fff libfreetype.6.dylib (*) <02961864-a3c7-3200-a82e-8e403425c917> /Users/USER/Library/Developer/Xcode/DerivedData/iina-hkezqvhzjalxsffuqoosqwastuaa/Build/Products/Debug/IINA.app/Contents/Frameworks/libfreetype.6.dylib
       0x1076f4000 -        0x1077c7fff libX11.6.dylib (*) <4f3ac22b-c661-3a33-a93d-b362a8d2f9f9> /Users/USER/Library/Developer/Xcode/DerivedData/iina-hkezqvhzjalxsffuqoosqwastuaa/Build/Products/Debug/IINA.app/Contents/Frameworks/libX11.6.dylib
       0x106ec8000 -        0x106ee7fff liblz4.1.dylib (*) <99c9fce8-2282-3985-961c-1a2d969b5396> /Users/USER/Library/Developer/Xcode/DerivedData/iina-hkezqvhzjalxsffuqoosqwastuaa/Build/Products/Debug/IINA.app/Contents/Frameworks/liblz4.1.dylib
       0x108538000 -        0x108543fff libobjc-trampolines.dylib (*) <a3faee04-0f8b-3428-9497-560c97eca6fb> /usr/lib/libobjc-trampolines.dylib
       0x117000000 -        0x117733fff com.apple.AGXMetalG16X (329.2) <8e5557ce-84f2-3aa0-a631-94d3809e5bf0> /System/Library/Extensions/AGXMetalG16X.bundle/Contents/MacOS/AGXMetalG16X
       0x108900000 -        0x108967fff com.apple.AppleMetalOpenGLRenderer (1.0) <28cfca54-b985-318a-a54a-7709dcd5f39e> /System/Library/Extensions/AppleMetalOpenGLRenderer.bundle/Contents/MacOS/AppleMetalOpenGLRenderer
       0x1a18a4000 -        0x1a1e12f3f libswiftCore.dylib (*) <7186c5c8-2a46-3f35-b27f-f7f6923f7186> /usr/lib/swift/libswiftCore.dylib
       0x1940db000 -        0x19556be3f com.apple.AppKit (6.9) <860c164c-d04c-30ff-8c6f-e672b74caf11> /System/Library/Frameworks/AppKit.framework/Versions/C/AppKit
       0x18fd60000 -        0x18fdfb577 dyld (*) <3247e185-ced2-36ff-9e29-47a77c23e004> /usr/lib/dyld
               0x0 - 0xffffffffffffffff ??? (*) <00000000-0000-0000-0000-000000000000> ???
       0x190101000 -        0x19010da47 libsystem_pthread.dylib (*) <d6494ba9-171e-39fc-b1aa-28ecf87975d1> /usr/lib/system/libsystem_pthread.dylib
       0x1900c5000 -        0x190100653 libsystem_kernel.dylib (*) <6e4a96ad-04b8-3e8a-b91d-087e62306246> /usr/lib/system/libsystem_kernel.dylib
       0x1aec6e000 -        0x1b057399f com.apple.JavaScriptCore (20621) <124e513d-5932-3a30-9f2d-15086a1e382c> /System/Library/Frameworks/JavaScriptCore.framework/Versions/A/JavaScriptCore
       0x190176000 -        0x1906b4fff com.apple.CoreFoundation (6.9) <8d45baee-6cc0-3b89-93fd-ea1c8e15c6d7> /System/Library/Frameworks/CoreFoundation.framework/Versions/A/CoreFoundation
       0x19b779000 -        0x19b7a0ddf com.apple.audio.caulk (1.0) <42085f32-42e2-3f11-b0b4-0343137b5f72> /System/Library/PrivateFrameworks/caulk.framework/Versions/A/caulk

External Modification Summary:
  Calls made by other processes targeting this process:
    task_for_pid: 0
    thread_create: 0
    thread_set_state: 0
  Calls made by this process:
    task_for_pid: 0
    thread_create: 0
    thread_set_state: 0
  Calls made by all processes on this machine:
    task_for_pid: 2
    thread_create: 0
    thread_set_state: 14

VM Region Summary:
ReadOnly portion of Libraries: Total=1.8G resident=0K(0%) swapped_out_or_unallocated=1.8G(100%)
Writable regions: Total=6.0G written=833K(0%) resident=833K(0%) swapped_out=0K(0%) unallocated=6.0G(100%)

                                VIRTUAL   REGION 
REGION TYPE                        SIZE    COUNT (non-coalesced) 
===========                     =======  ======= 
Accelerate framework               128K        1 
Activity Tracing                   256K        1 
CG image                          1264K       18 
ColorSync                          576K       30 
CoreAnimation                     4112K      139 
CoreGraphics                        32K        2 
CoreImage                           16K        1 
CoreUI image data                 2752K       21 
Foundation                          16K        1 
Kernel Alloc Once                   32K        1 
MALLOC                             1.8G       73 
MALLOC guard page                  288K       18 
STACK GUARD                       56.3M       20 
Stack                             18.1M       20 
VM_ALLOCATE                      129.5M       25 
VM_ALLOCATE (reserved)             3.9G        1         reserved VM address space (unallocated)
WebKit Malloc                    192.5M       16 
__AUTH                            5930K      715 
__AUTH_CONST                      79.0M      964 
__CTF                               824        1 
__DATA                            50.8M     1008 
__DATA_CONST                      30.7M     1045 
__DATA_DIRTY                      2786K      343 
__FONT_DATA                        2352        1 
__GLSLBUILTINS                    5174K        1 
__INFO_FILTER                         8        1 
__LINKEDIT                       635.8M       76 
__OBJC_RO                         61.4M        1 
__OBJC_RW                         2396K        1 
__TEXT                             1.1G     1068 
__TPRO_CONST                       128K        2 
dyld private memory                128K        1 
mapped file                      289.0M       53 
page table in kernel               833K        1 
shared memory                     1504K       23 
===========                     =======  ======= 
TOTAL                              8.3G     5693 
TOTAL, minus reserved VM space     4.4G     5693 



-----------
Full Report
-----------

{"app_name":"IINA","timestamp":"2025-12-17 05:30:18.00 +0800","app_version":"1.4.1","slice_uuid":"aa4172ae-5c99-3a6a-8335-9417db51dc0b","build_version":"160","platform":1,"bundleID":"com.colliderli.iina","share_with_app_devs":0,"is_first_party":0,"bug_type":"309","os_version":"macOS 15.6 (24G84)","roots_installed":0,"name":"IINA","incident_id":"7FF8F851-A35D-4AB8-BE51-871DC38FC288"}
{
  "uptime" : 340000,
  "procRole" : "Foreground",
  "version" : 2,
  "userID" : 501,
  "deployVersion" : 210,
  "modelCode" : "Mac16,8",
  "coalitionID" : 73867,
  "osVersion" : {
    "train" : "macOS 15.6",
    "build" : "24G84",
    "releaseType" : "User"
  },
  "captureTime" : "2025-12-17 05:30:16.8011 +0800",
  "codeSigningMonitor" : 2,
  "incident" : "7FF8F851-A35D-4AB8-BE51-871DC38FC288",
  "pid" : 33543,
  "translated" : false,
  "cpuType" : "ARM-64",
  "roots_installed" : 0,
  "bug_type" : "309",
  "procLaunch" : "2025-12-17 05:30:04.2439 +0800",
  "procStartAbsTime" : 8254335796513,
  "procExitAbsTime" : 8254636918652,
  "procName" : "IINA",
  "procPath" : "\/Users\/USER\/Library\/Developer\/Xcode\/DerivedData\/iina-hkezqvhzjalxsffuqoosqwastuaa\/Build\/Products\/Debug\/IINA.app\/Contents\/MacOS\/IINA",
  "bundleInfo" : {"CFBundleShortVersionString":"1.4.1","CFBundleVersion":"160","CFBundleIdentifier":"com.colliderli.iina"},
  "storeInfo" : {"deviceIdentifierForVendor":"8E765380-053D-5FB4-8EC6-3A1E90BBA17C","thirdParty":true},
  "parentProc" : "launchd",
  "parentPid" : 1,
  "coalitionName" : "com.colliderli.iina",
  "crashReporterKey" : "93169CE9-BC7D-5B92-8592-30817E8648E5",
  "appleIntelligenceStatus" : {"state":"unavailable","reasons":["notOptedIn","assetIsNotReady"]},
  "codeSigningID" : "com.colliderli.iina",
  "codeSigningTeamID" : "",
  "codeSigningFlags" : 570425861,
  "codeSigningValidationCategory" : 10,
  "codeSigningTrustLevel" : 4294967295,
  "codeSigningAuxiliaryInfo" : 0,
  "instructionByteStream" : {"beforePC":"qgUAtekDAKroAwGq4AMCquEDA6riAwSq4wMFquQDCarlAwiq1eMQlA==","atPC":"IAAg1CgAgFLpl4FS6BMAuekHAPlIAIBS6AMAOcAnAJAAkByRwycAkA=="},
  "bootSessionUUID" : "8DFA6EE2-6591-495A-A7EE-4388FEFB890C",
  "wakeTime" : 2203,
  "sleepWakeUUID" : "A26074AA-9B73-48A7-8B9E-50889EFA07D7",
  "sip" : "enabled",
  "exception" : {"codes":"0x0000000000000001, 0x00000001a18d8c24","rawCodes":[1,7005375524],"type":"EXC_BREAKPOINT","signal":"SIGTRAP"},
  "termination" : {"flags":0,"code":5,"namespace":"SIGNAL","indicator":"Trace\/BPT trap: 5","byProc":"exc handler","byPid":33543},
  "os_fault" : {"process":"IINA"},
  "extMods" : {"caller":{"thread_create":0,"thread_set_state":0,"task_for_pid":0},"system":{"thread_create":0,"thread_set_state":14,"task_for_pid":2},"targeted":{"thread_create":0,"thread_set_state":0,"task_for_pid":0},"warnings":0},
  "faultingThread" : 0,
  "threads" : [{"triggered":true,"id":7060429,"threadState":{"x":[{"value":979369984},{"value":0},{"value":18446744073709551584},{"value":105553129402208},{"value":105553129402304},{"value":19},{"value":32},{"value":0},{"value":170},{"value":3124889755},{"value":169},{"value":12096},{"value":2043},{"value":2045},{"value":3126988927},{"value":3124889755},{"value":3126853632},{"value":127},{"value":0},{"value":5410685072},{"value":5410685072},{"value":0},{"value":5410697264},{"value":56},{"value":8451543040},{"value":8589934595,"symbolLocation":67,"symbol":"_OBJC_$_INSTANCE_VARIABLES_HDRImage"},{"value":8452943872},{"value":2},{"value":32}],"flavor":"ARM_THREAD_STATE64","lr":{"value":7005375524},"cpsr":{"value":1610612736},"fp":{"value":6129754672},"sp":{"value":6129754640},"esr":{"value":4060086273,"description":"(Breakpoint) brk 1"},"pc":{"value":7005375524,"matchesCrashFrame":1},"far":{"value":0}},"queue":"com.apple.main-thread","frames":[{"imageOffset":216100,"symbol":"closure #1 in closure #1 in closure #1 in _assertionFailure(_:_:file:line:flags:)","symbolLocation":240,"imageIndex":75},{"imageOffset":215788,"symbol":"closure #1 in closure #1 in _assertionFailure(_:_:file:line:flags:)","symbolLocation":340,"imageIndex":75},{"imageOffset":214164,"symbol":"_assertionFailure(_:_:file:line:flags:)","symbolLocation":188,"imageIndex":75},{"imageOffset":4022784,"sourceFile":"UPnPBrowserWindowController.swift","symbol":"UPnPBrowserWindowController.setupUI()","symbolLocation":656,"imageIndex":1},{"imageOffset":4021932,"sourceLine":34,"sourceFile":"UPnPBrowserWindowController.swift","symbol":"UPnPBrowserWindowController.windowDidLoad()","imageIndex":1,"symbolLocation":108},{"imageOffset":4022096,"sourceFile":"\/<compiler-generated>","symbol":"@objc UPnPBrowserWindowController.windowDidLoad()","symbolLocation":44,"imageIndex":1},{"imageOffset":1706008,"symbol":"-[NSWindowController _windowDidLoad]","symbolLocation":620,"imageIndex":76},{"imageOffset":1690412,"symbol":"-[NSWindowController window]","symbolLocation":100,"imageIndex":76},{"imageOffset":2100596,"symbol":"-[NSWindowController showWindow:]","symbolLocation":44,"imageIndex":76},{"imageOffset":2551384,"sourceLine":951,"sourceFile":"AppDelegate.swift","symbol":"AppDelegate.openUPnP(_:)","imageIndex":1,"symbolLocation":376},{"imageOffset":2551520,"sourceFile":"\/<compiler-generated>","symbol":"@objc AppDelegate.openUPnP(_:)","symbolLocation":60,"imageIndex":1},{"imageOffset":1941424,"symbol":"-[NSApplication(NSResponder) sendAction:to:from:]","symbolLocation":560,"imageIndex":76},{"imageOffset":2761360,"symbol":"-[NSMenuItem _corePerformAction]","symbolLocation":372,"imageIndex":76},{"imageOffset":10508684,"symbol":"_NSMenuPerformActionWithHighlighting","symbolLocation":152,"imageIndex":76},{"imageOffset":2988780,"symbol":"-[NSMenu performActionForItemAtIndex:]","symbolLocation":200,"imageIndex":76},{"imageOffset":2988556,"symbol":"-[NSMenu _internalPerformActionForItemAtIndex:]","symbolLocation":76,"imageIndex":76},{"imageOffset":10466252,"symbol":"+[NSCocoaMenuImpl _performActionForMenuItem:]","symbolLocation":176,"imageIndex":76},{"imageOffset":8367056,"symbol":"-[NSMenuTrackingSession _performPostTrackingDismissalActions]","symbolLocation":284,"imageIndex":76},{"imageOffset":8366300,"symbol":"-[NSMenuTrackingSession startRunningMenuEventLoop:]","symbolLocation":1532,"imageIndex":76},{"imageOffset":8364652,"symbol":"-[NSMenuTrackingSession startMonitoringEvents:]","symbolLocation":284,"imageIndex":76},{"imageOffset":9161372,"symbol":"-[NSMenuBarTrackingSession _mouseDownEventHandler:]","symbolLocation":424,"imageIndex":76},{"imageOffset":9160904,"symbol":"-[NSMenuBarTrackingSession _handleMonitorEvent:]","symbolLocation":420,"imageIndex":76},{"imageOffset":9160144,"symbol":"__57-[NSMenuBarTrackingSession _addLocalEventMonitorIfNeeded]_block_invoke","symbolLocation":120,"imageIndex":76},{"imageOffset":2288880,"symbol":"_NSSendEventToDequeuingObservers","symbolLocation":252,"imageIndex":76},{"imageOffset":10329864,"symbol":"-[NSApplication(NSEventRouting) _nextEventMatchingEventMask:untilDate:inMode:dequeue:]","symbolLocation":2168,"imageIndex":76},{"imageOffset":187364,"symbol":"-[NSApplication run]","symbolLocation":480,"imageIndex":76},{"imageOffset":17116,"symbol":"NSApplicationMain","symbolLocation":880,"imageIndex":76},{"imageOffset":2582624,"sourceLine":24,"sourceFile":"AppDelegate.swift","symbol":"__debug_main_executable_dylib_entry_point","imageIndex":1,"symbolLocation":12},{"imageOffset":27544,"symbol":"start","symbolLocation":6076,"imageIndex":77}]},{"id":7060504,"frames":[{"imageOffset":7020,"symbol":"start_wqthread","symbolLocation":0,"imageIndex":79}],"threadState":{"x":[{"value":6130888704},{"value":5379},{"value":6130352128},{"value":0},{"value":409602},{"value":18446744073709551615},{"value":0},{"value":0},{"value":0},{"value":0},{"value":0},{"value":0},{"value":0},{"value":0},{"value":0},{"value":0},{"value":0},{"value":0},{"value":0},{"value":0},{"value":0},{"value":0},{"value":0},{"value":0},{"value":0},{"value":0},{"value":0},{"value":0},{"value":0}],"flavor":"ARM_THREAD_STATE64","lr":{"value":0},"cpsr":{"value":0},"fp":{"value":0},"sp":{"value":6130888704},"esr":{"value":1442840704,"description":" Address size fault"},"pc":{"value":6711946092},"far":{"value":0}}},{"id":7060524,"name":"core","threadState":{"x":[{"value":260},{"value":0},{"value":11776},{"value":0},{"value":0},{"value":164},{"value":0},{"value":0},{"value":6132035096},{"value":0},{"value":0},{"value":2},{"value":2},{"value":0},{"value":0},{"value":0},{"value":305},{"value":8574145808},{"value":0},{"value":5132796672},{"value":5132796736},{"value":6132035808},{"value":0},{"value":0},{"value":11776},{"value":11777},{"value":12032},{"value":18446744072709551616},{"value":0}],"flavor":"ARM_THREAD_STATE64","lr":{"value":6711967968},"cpsr":{"value":1610612736},"fp":{"value":6132035216},"sp":{"value":6132035072},"esr":{"value":1442840704,"description":" Address size fault"},"pc":{"value":6711710668},"far":{"value":0}},"frames":[{"imageOffset":17356,"symbol":"__psynch_cvwait","symbolLocation":8,"imageIndex":80},{"imageOffset":28896,"symbol":"_pthread_cond_wait","symbolLocation":984,"imageIndex":79},{"imageOffset":599084,"symbol":"mp_dispatch_queue_process","symbolLocation":348,"imageIndex":51},{"imageOffset":829996,"symbol":"mp_wait_events","symbolLocation":80,"imageIndex":51},{"imageOffset":841824,"symbol":"mp_idle","symbolLocation":108,"imageIndex":51},{"imageOffset":841932,"symbol":"idle_loop","symbolLocation":44,"imageIndex":51},{"imageOffset":808384,"symbol":"mp_play_files","symbolLocation":348,"imageIndex":51},{"imageOffset":700908,"symbol":"core_thread","symbolLocation":72,"imageIndex":51},{"imageOffset":27660,"symbol":"_pthread_start","symbolLocation":136,"imageIndex":79},{"imageOffset":7040,"symbol":"thread_start","symbolLocation":8,"imageIndex":79}]},{"id":7060525,"name":"*\/ytdl_hook","threadState":{"x":[{"value":260},{"value":0},{"value":256},{"value":0},{"value":0},{"value":164},{"value":0},{"value":0},{"value":6132607144},{"value":0},{"value":0},{"value":2},{"value":2},{"value":0},{"value":0},{"value":0},{"value":305},{"value":8574145808},{"value":0},{"value":5668875160},{"value":5668875224},{"value":6132609248},{"value":0},{"value":0},{"value":256},{"value":257},{"value":512},{"value":4434770096},{"value":4434769952}],"flavor":"ARM_THREAD_STATE64","lr":{"value":6711967968},"cpsr":{"value":1610612736},"fp":{"value":6132607264},"sp":{"value":6132607120},"esr":{"value":1442840704,"description":" Address size fault"},"pc":{"value":6711710668},"far":{"value":0}},"frames":[{"imageOffset":17356,"symbol":"__psynch_cvwait","symbolLocation":8,"imageIndex":80},{"imageOffset":28896,"symbol":"_pthread_cond_wait","symbolLocation":984,"imageIndex":79},{"imageOffset":698880,"symbol":"wait_wakeup","symbolLocation":128,"imageIndex":51},{"imageOffset":701420,"symbol":"mpv_wait_event","symbolLocation":420,"imageIndex":51},{"imageOffset":1251076,"symbol":"script_raw_wait_event","symbolLocation":120,"imageIndex":51},{"imageOffset":28092,"imageIndex":56},{"imageOffset":80584,"symbol":"lua_pcall","symbolLocation":148,"imageIndex":56},{"imageOffset":28092,"imageIndex":56},{"imageOffset":1250028,"symbol":"load_scripts","symbolLocation":648,"imageIndex":51},{"imageOffset":28092,"imageIndex":56},{"imageOffset":80584,"symbol":"lua_pcall","symbolLocation":148,"imageIndex":56},{"imageOffset":28092,"imageIndex":56},{"imageOffset":80648,"symbol":"lua_cpcall","symbolLocation":28,"imageIndex":56},{"imageOffset":854288,"symbol":"run_script","symbolLocation":92,"imageIndex":51},{"imageOffset":854372,"symbol":"script_thread","symbolLocation":12,"imageIndex":51},{"imageOffset":27660,"symbol":"_pthread_start","symbolLocation":136,"imageIndex":79},{"imageOffset":7040,"symbol":"thread_start","symbolLocation":8,"imageIndex":79}]},{"id":7060530,"frames":[{"imageOffset":7020,"symbol":"start_wqthread","symbolLocation":0,"imageIndex":79}],"threadState":{"x":[{"value":6133182464},{"value":39179},{"value":6132645888},{"value":0},{"value":409604},{"value":18446744073709551615},{"value":0},{"value":0},{"value":0},{"value":0},{"value":0},{"value":0},{"value":0},{"value":0},{"value":0},{"value":0},{"value":0},{"value":0},{"value":0},{"value":0},{"value":0},{"value":0},{"value":0},{"value":0},{"value":0},{"value":0},{"value":0},{"value":0},{"value":0}],"flavor":"ARM_THREAD_STATE64","lr":{"value":0},"cpsr":{"value":0},"fp":{"value":0},"sp":{"value":6133182464},"esr":{"value":1442840704,"description":" Address size fault"},"pc":{"value":6711946092},"far":{"value":0}}},{"id":7060533,"name":"JavaScriptCore libpas scavenger","threadState":{"x":[{"value":260},{"value":0},{"value":8704},{"value":0},{"value":0},{"value":160},{"value":9},{"value":999998016},{"value":6134329000},{"value":0},{"value":0},{"value":2},{"value":2},{"value":0},{"value":0},{"value":0},{"value":305},{"value":8574145808},{"value":0},{"value":5905639616},{"value":5905639680},{"value":6134329568},{"value":999998016},{"value":9},{"value":8704},{"value":14593},{"value":14848},{"value":4652007308841189376},{"value":8524656640,"symbolLocation":0,"symbol":"pas_all_heaps_count"}],"flavor":"ARM_THREAD_STATE64","lr":{"value":6711967968},"cpsr":{"value":1610612736},"fp":{"value":6134329120},"sp":{"value":6134328976},"esr":{"value":1442840704,"description":" Address size fault"},"pc":{"value":6711710668},"far":{"value":0}},"frames":[{"imageOffset":17356,"symbol":"__psynch_cvwait","symbolLocation":8,"imageIndex":80},{"imageOffset":28896,"symbol":"_pthread_cond_wait","symbolLocation":984,"imageIndex":79},{"imageOffset":24082784,"symbol":"scavenger_thread_main","symbolLocation":1584,"imageIndex":81},{"imageOffset":27660,"symbol":"_pthread_start","symbolLocation":136,"imageIndex":79},{"imageOffset":7040,"symbol":"thread_start","symbolLocation":8,"imageIndex":79}]},{"id":7060544,"name":"WebCore: Scrolling","threadState":{"x":[{"value":268451845},{"value":21592279046},{"value":8589934592,"symbolLocation":64,"symbol":"_OBJC_$_INSTANCE_VARIABLES_HDRImage"},{"value":373846838345728},{"value":0},{"value":373846838345728},{"value":2},{"value":4294967295},{"value":0},{"value":17179869184},{"value":0},{"value":2},{"value":0},{"value":0},{"value":87043},{"value":0},{"value":18446744073709551569},{"value":8574147688},{"value":0},{"value":4294967295},{"value":2},{"value":373846838345728},{"value":0},{"value":373846838345728},{"value":6134898664},{"value":8589934592,"symbolLocation":64,"symbol":"_OBJC_$_INSTANCE_VARIABLES_HDRImage"},{"value":21592279046},{"value":18446744073709550527},{"value":4412409862}],"flavor":"ARM_THREAD_STATE64","lr":{"value":6711772064},"cpsr":{"value":0},"fp":{"value":6134898512},"sp":{"value":6134898432},"esr":{"value":1442840704,"description":" Address size fault"},"pc":{"value":6711696436},"far":{"value":0}},"frames":[{"imageOffset":3124,"symbol":"mach_msg2_trap","symbolLocation":8,"imageIndex":80},{"imageOffset":78752,"symbol":"mach_msg2_internal","symbolLocation":76,"imageIndex":80},{"imageOffset":38756,"symbol":"mach_msg_overwrite","symbolLocation":484,"imageIndex":80},{"imageOffset":4008,"symbol":"mach_msg","symbolLocation":24,"imageIndex":80},{"imageOffset":511164,"symbol":"__CFRunLoopServiceMachPort","symbolLocation":160,"imageIndex":82},{"imageOffset":505304,"symbol":"__CFRunLoopRun","symbolLocation":1208,"imageIndex":82},{"imageOffset":502424,"symbol":"CFRunLoopRunSpecific","symbolLocation":572,"imageIndex":82},{"imageOffset":1000788,"symbol":"CFRunLoopRun","symbolLocation":64,"imageIndex":82},{"imageOffset":1753408,"symbol":"WTF::Detail::CallableWrapper<WTF::RunLoop::create(WTF::ASCIILiteral, WTF::ThreadType, WTF::Thread::QOS)::$_0, void>::call()","symbolLocation":52,"imageIndex":81},{"imageOffset":1979312,"symbol":"WTF::Thread::entryPoint(WTF::Thread::NewThreadContext*)","symbolLocation":240,"imageIndex":81},{"imageOffset":27804,"symbol":"WTF::wtfThreadEntryPoint(void*)","symbolLocation":16,"imageIndex":81},{"imageOffset":27660,"symbol":"_pthread_start","symbolLocation":136,"imageIndex":79},{"imageOffset":7040,"symbol":"thread_start","symbolLocation":8,"imageIndex":79}]},{"id":7060546,"frames":[{"imageOffset":7020,"symbol":"start_wqthread","symbolLocation":0,"imageIndex":79}],"threadState":{"x":[{"value":6136049664},{"value":56327},{"value":6135513088},{"value":0},{"value":409604},{"value":18446744073709551615},{"value":0},{"value":0},{"value":0},{"value":0},{"value":0},{"value":0},{"value":0},{"value":0},{"value":0},{"value":0},{"value":0},{"value":0},{"value":0},{"value":0},{"value":0},{"value":0},{"value":0},{"value":0},{"value":0},{"value":0},{"value":0},{"value":0},{"value":0}],"flavor":"ARM_THREAD_STATE64","lr":{"value":0},"cpsr":{"value":0},"fp":{"value":0},"sp":{"value":6136049664},"esr":{"value":1442840704,"description":" Address size fault"},"pc":{"value":6711946092},"far":{"value":0}}},{"id":7060549,"name":"core","threadState":{"x":[{"value":260},{"value":0},{"value":21504},{"value":0},{"value":0},{"value":164},{"value":0},{"value":0},{"value":6137196056},{"value":0},{"value":1280},{"value":5497558140162},{"value":5497558140162},{"value":1280},{"value":0},{"value":5497558140160},{"value":305},{"value":8574145808},{"value":0},{"value":5669755440},{"value":5669755504},{"value":6137196768},{"value":0},{"value":0},{"value":21504},{"value":21761},{"value":22016},{"value":18446744072709551616},{"value":0}],"flavor":"ARM_THREAD_STATE64","lr":{"value":6711967968},"cpsr":{"value":1610612736},"fp":{"value":6137196176},"sp":{"value":6137196032},"esr":{"value":1442840704,"description":" Address size fault"},"pc":{"value":6711710668},"far":{"value":0}},"frames":[{"imageOffset":17356,"symbol":"__psynch_cvwait","symbolLocation":8,"imageIndex":80},{"imageOffset":28896,"symbol":"_pthread_cond_wait","symbolLocation":984,"imageIndex":79},{"imageOffset":599084,"symbol":"mp_dispatch_queue_process","symbolLocation":348,"imageIndex":51},{"imageOffset":829996,"symbol":"mp_wait_events","symbolLocation":80,"imageIndex":51},{"imageOffset":841824,"symbol":"mp_idle","symbolLocation":108,"imageIndex":51},{"imageOffset":841932,"symbol":"idle_loop","symbolLocation":44,"imageIndex":51},{"imageOffset":808384,"symbol":"mp_play_files","symbolLocation":348,"imageIndex":51},{"imageOffset":700908,"symbol":"core_thread","symbolLocation":72,"imageIndex":51},{"imageOffset":27660,"symbol":"_pthread_start","symbolLocation":136,"imageIndex":79},{"imageOffset":7040,"symbol":"thread_start","symbolLocation":8,"imageIndex":79}]},{"id":7060550,"name":"*\/stats","threadState":{"x":[{"value":260},{"value":0},{"value":256},{"value":0},{"value":0},{"value":164},{"value":0},{"value":0},{"value":6137768104},{"value":0},{"value":0},{"value":2},{"value":2},{"value":0},{"value":0},{"value":0},{"value":305},{"value":8574145808},{"value":0},{"value":5669905960},{"value":5669906024},{"value":6137770208},{"value":0},{"value":0},{"value":256},{"value":257},{"value":512},{"value":4672037064},{"value":4672036920}],"flavor":"ARM_THREAD_STATE64","lr":{"value":6711967968},"cpsr":{"value":1610612736},"fp":{"value":6137768224},"sp":{"value":6137768080},"esr":{"value":1442840704,"description":" Address size fault"},"pc":{"value":6711710668},"far":{"value":0}},"frames":[{"imageOffset":17356,"symbol":"__psynch_cvwait","symbolLocation":8,"imageIndex":80},{"imageOffset":28896,"symbol":"_pthread_cond_wait","symbolLocation":984,"imageIndex":79},{"imageOffset":698880,"symbol":"wait_wakeup","symbolLocation":128,"imageIndex":51},{"imageOffset":701420,"symbol":"mpv_wait_event","symbolLocation":420,"imageIndex":51},{"imageOffset":1251076,"symbol":"script_raw_wait_event","symbolLocation":120,"imageIndex":51},{"imageOffset":28092,"imageIndex":56},{"imageOffset":80584,"symbol":"lua_pcall","symbolLocation":148,"imageIndex":56},{"imageOffset":28092,"imageIndex":56},{"imageOffset":1250028,"symbol":"load_scripts","symbolLocation":648,"imageIndex":51},{"imageOffset":28092,"imageIndex":56},{"imageOffset":80584,"symbol":"lua_pcall","symbolLocation":148,"imageIndex":56},{"imageOffset":28092,"imageIndex":56},{"imageOffset":80648,"symbol":"lua_cpcall","symbolLocation":28,"imageIndex":56},{"imageOffset":854288,"symbol":"run_script","symbolLocation":92,"imageIndex":51},{"imageOffset":854372,"symbol":"script_thread","symbolLocation":12,"imageIndex":51},{"imageOffset":27660,"symbol":"_pthread_start","symbolLocation":136,"imageIndex":79},{"imageOffset":7040,"symbol":"thread_start","symbolLocation":8,"imageIndex":79}]},{"id":7060551,"name":"*\/console","threadState":{"x":[{"value":260},{"value":0},{"value":256},{"value":0},{"value":0},{"value":164},{"value":0},{"value":0},{"value":6138341544},{"value":0},{"value":0},{"value":2},{"value":2},{"value":0},{"value":0},{"value":0},{"value":305},{"value":8574145808},{"value":0},{"value":5669793352},{"value":5669793416},{"value":6138343648},{"value":0},{"value":0},{"value":256},{"value":257},{"value":512},{"value":4655608936},{"value":4655608792}],"flavor":"ARM_THREAD_STATE64","lr":{"value":6711967968},"cpsr":{"value":1610612736},"fp":{"value":6138341664},"sp":{"value":6138341520},"esr":{"value":1442840704,"description":" Address size fault"},"pc":{"value":6711710668},"far":{"value":0}},"frames":[{"imageOffset":17356,"symbol":"__psynch_cvwait","symbolLocation":8,"imageIndex":80},{"imageOffset":28896,"symbol":"_pthread_cond_wait","symbolLocation":984,"imageIndex":79},{"imageOffset":698880,"symbol":"wait_wakeup","symbolLocation":128,"imageIndex":51},{"imageOffset":701420,"symbol":"mpv_wait_event","symbolLocation":420,"imageIndex":51},{"imageOffset":1251076,"symbol":"script_raw_wait_event","symbolLocation":120,"imageIndex":51},{"imageOffset":28092,"imageIndex":56},{"imageOffset":80584,"symbol":"lua_pcall","symbolLocation":148,"imageIndex":56},{"imageOffset":28092,"imageIndex":56},{"imageOffset":1250028,"symbol":"load_scripts","symbolLocation":648,"imageIndex":51},{"imageOffset":28092,"imageIndex":56},{"imageOffset":80584,"symbol":"lua_pcall","symbolLocation":148,"imageIndex":56},{"imageOffset":28092,"imageIndex":56},{"imageOffset":80648,"symbol":"lua_cpcall","symbolLocation":28,"imageIndex":56},{"imageOffset":854288,"symbol":"run_script","symbolLocation":92,"imageIndex":51},{"imageOffset":854372,"symbol":"script_thread","symbolLocation":12,"imageIndex":51},{"imageOffset":27660,"symbol":"_pthread_start","symbolLocation":136,"imageIndex":79},{"imageOffset":7040,"symbol":"thread_start","symbolLocation":8,"imageIndex":79}]},{"id":7060552,"name":"*\/auto_profiles","threadState":{"x":[{"value":260},{"value":0},{"value":512},{"value":0},{"value":0},{"value":164},{"value":0},{"value":0},{"value":6138914984},{"value":0},{"value":0},{"value":2},{"value":2},{"value":0},{"value":0},{"value":0},{"value":305},{"value":8574145808},{"value":0},{"value":5669947432},{"value":5669947496},{"value":6138917088},{"value":0},{"value":0},{"value":512},{"value":513},{"value":768},{"value":4655363360},{"value":4655363216}],"flavor":"ARM_THREAD_STATE64","lr":{"value":6711967968},"cpsr":{"value":1610612736},"fp":{"value":6138915104},"sp":{"value":6138914960},"esr":{"value":1442840704,"description":" Address size fault"},"pc":{"value":6711710668},"far":{"value":0}},"frames":[{"imageOffset":17356,"symbol":"__psynch_cvwait","symbolLocation":8,"imageIndex":80},{"imageOffset":28896,"symbol":"_pthread_cond_wait","symbolLocation":984,"imageIndex":79},{"imageOffset":698880,"symbol":"wait_wakeup","symbolLocation":128,"imageIndex":51},{"imageOffset":701420,"symbol":"mpv_wait_event","symbolLocation":420,"imageIndex":51},{"imageOffset":1251076,"symbol":"script_raw_wait_event","symbolLocation":120,"imageIndex":51},{"imageOffset":28092,"imageIndex":56},{"imageOffset":80584,"symbol":"lua_pcall","symbolLocation":148,"imageIndex":56},{"imageOffset":28092,"imageIndex":56},{"imageOffset":1250028,"symbol":"load_scripts","symbolLocation":648,"imageIndex":51},{"imageOffset":28092,"imageIndex":56},{"imageOffset":80584,"symbol":"lua_pcall","symbolLocation":148,"imageIndex":56},{"imageOffset":28092,"imageIndex":56},{"imageOffset":80648,"symbol":"lua_cpcall","symbolLocation":28,"imageIndex":56},{"imageOffset":854288,"symbol":"run_script","symbolLocation":92,"imageIndex":51},{"imageOffset":854372,"symbol":"script_thread","symbolLocation":12,"imageIndex":51},{"imageOffset":27660,"symbol":"_pthread_start","symbolLocation":136,"imageIndex":79},{"imageOffset":7040,"symbol":"thread_start","symbolLocation":8,"imageIndex":79}]},{"id":7060553,"name":"caulk.messenger.shared:17","threadState":{"x":[{"value":14},{"value":105553158531290},{"value":0},{"value":6139490410},{"value":105553158531264},{"value":25},{"value":0},{"value":0},{"value":0},{"value":4294967295},{"value":0},{"value":0},{"value":0},{"value":0},{"value":0},{"value":0},{"value":18446744073709551580},{"value":8574150120},{"value":0},{"value":105553137189312},{"value":0},{"value":0},{"value":0},{"value":0},{"value":0},{"value":0},{"value":0},{"value":0},{"value":0}],"flavor":"ARM_THREAD_STATE64","lr":{"value":6903278792},"cpsr":{"value":2147483648},"fp":{"value":6139490176},"sp":{"value":6139490144},"esr":{"value":1442840704,"description":" Address size fault"},"pc":{"value":6711696304},"far":{"value":0}},"frames":[{"imageOffset":2992,"symbol":"semaphore_wait_trap","symbolLocation":8,"imageIndex":80},{"imageOffset":7368,"symbol":"caulk::semaphore::timed_wait(double)","symbolLocation":224,"imageIndex":83},{"imageOffset":7024,"symbol":"caulk::concurrent::details::worker_thread::run()","symbolLocation":32,"imageIndex":83},{"imageOffset":6212,"symbol":"void* caulk::thread_proxy<std::__1::tuple<caulk::thread::attributes, void (caulk::concurrent::details::worker_thread::*)(), std::__1::tuple<caulk::concurrent::details::worker_thread*>>>(void*)","symbolLocation":96,"imageIndex":83},{"imageOffset":27660,"symbol":"_pthread_start","symbolLocation":136,"imageIndex":79},{"imageOffset":7040,"symbol":"thread_start","symbolLocation":8,"imageIndex":79}]},{"id":7060554,"name":"caulk.messenger.shared:high","threadState":{"x":[{"value":14},{"value":105553158531036},{"value":0},{"value":6140063852},{"value":105553158531008},{"value":27},{"value":0},{"value":0},{"value":0},{"value":4294967295},{"value":0},{"value":0},{"value":0},{"value":0},{"value":0},{"value":0},{"value":18446744073709551580},{"value":8574150120},{"value":0},{"value":105553137189728},{"value":0},{"value":0},{"value":0},{"value":0},{"value":0},{"value":0},{"value":0},{"value":0},{"value":0}],"flavor":"ARM_THREAD_STATE64","lr":{"value":6903278792},"cpsr":{"value":2147483648},"fp":{"value":6140063616},"sp":{"value":6140063584},"esr":{"value":1442840704,"description":" Address size fault"},"pc":{"value":6711696304},"far":{"value":0}},"frames":[{"imageOffset":2992,"symbol":"semaphore_wait_trap","symbolLocation":8,"imageIndex":80},{"imageOffset":7368,"symbol":"caulk::semaphore::timed_wait(double)","symbolLocation":224,"imageIndex":83},{"imageOffset":7024,"symbol":"caulk::concurrent::details::worker_thread::run()","symbolLocation":32,"imageIndex":83},{"imageOffset":6212,"symbol":"void* caulk::thread_proxy<std::__1::tuple<caulk::thread::attributes, void (caulk::concurrent::details::worker_thread::*)(), std::__1::tuple<caulk::concurrent::details::worker_thread*>>>(void*)","symbolLocation":96,"imageIndex":83},{"imageOffset":27660,"symbol":"_pthread_start","symbolLocation":136,"imageIndex":79},{"imageOffset":7040,"symbol":"thread_start","symbolLocation":8,"imageIndex":79}]},{"id":7060603,"frames":[{"imageOffset":7020,"symbol":"start_wqthread","symbolLocation":0,"imageIndex":79}],"threadState":{"x":[{"value":6142930944},{"value":94219},{"value":6142394368},{"value":0},{"value":409604},{"value":18446744073709551615},{"value":0},{"value":0},{"value":0},{"value":0},{"value":0},{"value":0},{"value":0},{"value":0},{"value":0},{"value":0},{"value":0},{"value":0},{"value":0},{"value":0},{"value":0},{"value":0},{"value":0},{"value":0},{"value":0},{"value":0},{"value":0},{"value":0},{"value":0}],"flavor":"ARM_THREAD_STATE64","lr":{"value":0},"cpsr":{"value":0},"fp":{"value":0},"sp":{"value":6142930944},"esr":{"value":1442840704,"description":" Address size fault"},"pc":{"value":6711946092},"far":{"value":0}}},{"id":7060604,"frames":[{"imageOffset":7020,"symbol":"start_wqthread","symbolLocation":0,"imageIndex":79}],"threadState":{"x":[{"value":6143504384},{"value":124083},{"value":6142967808},{"value":0},{"value":409604},{"value":18446744073709551615},{"value":0},{"value":0},{"value":0},{"value":0},{"value":0},{"value":0},{"value":0},{"value":0},{"value":0},{"value":0},{"value":0},{"value":0},{"value":0},{"value":0},{"value":0},{"value":0},{"value":0},{"value":0},{"value":0},{"value":0},{"value":0},{"value":0},{"value":0}],"flavor":"ARM_THREAD_STATE64","lr":{"value":0},"cpsr":{"value":0},"fp":{"value":0},"sp":{"value":6143504384},"esr":{"value":1442840704,"description":" Address size fault"},"pc":{"value":6711946092},"far":{"value":0}}},{"id":7060607,"name":"com.apple.NSEventThread","threadState":{"x":[{"value":268451845},{"value":21592279046},{"value":8589934592,"symbolLocation":64,"symbol":"_OBJC_$_INSTANCE_VARIABLES_HDRImage"},{"value":414528768573440},{"value":0},{"value":414528768573440},{"value":2},{"value":4294967295},{"value":0},{"value":17179869184},{"value":0},{"value":2},{"value":0},{"value":0},{"value":96515},{"value":0},{"value":18446744073709551569},{"value":8574147688},{"value":0},{"value":4294967295},{"value":2},{"value":414528768573440},{"value":0},{"value":414528768573440},{"value":6144073864},{"value":8589934592,"symbolLocation":64,"symbol":"_OBJC_$_INSTANCE_VARIABLES_HDRImage"},{"value":21592279046},{"value":18446744073709550527},{"value":4412409862}],"flavor":"ARM_THREAD_STATE64","lr":{"value":6711772064},"cpsr":{"value":0},"fp":{"value":6144073712},"sp":{"value":6144073632},"esr":{"value":1442840704,"description":" Address size fault"},"pc":{"value":6711696436},"far":{"value":0}},"frames":[{"imageOffset":3124,"symbol":"mach_msg2_trap","symbolLocation":8,"imageIndex":80},{"imageOffset":78752,"symbol":"mach_msg2_internal","symbolLocation":76,"imageIndex":80},{"imageOffset":38756,"symbol":"mach_msg_overwrite","symbolLocation":484,"imageIndex":80},{"imageOffset":4008,"symbol":"mach_msg","symbolLocation":24,"imageIndex":80},{"imageOffset":511164,"symbol":"__CFRunLoopServiceMachPort","symbolLocation":160,"imageIndex":82},{"imageOffset":505304,"symbol":"__CFRunLoopRun","symbolLocation":1208,"imageIndex":82},{"imageOffset":502424,"symbol":"CFRunLoopRunSpecific","symbolLocation":572,"imageIndex":82},{"imageOffset":1435532,"symbol":"_NSEventThread","symbolLocation":140,"imageIndex":76},{"imageOffset":27660,"symbol":"_pthread_start","symbolLocation":136,"imageIndex":79},{"imageOffset":7040,"symbol":"thread_start","symbolLocation":8,"imageIndex":79}]},{"id":7060899,"frames":[{"imageOffset":7020,"symbol":"start_wqthread","symbolLocation":0,"imageIndex":79}],"threadState":{"x":[{"value":6130315264},{"value":19367},{"value":6129778688},{"value":0},{"value":409604},{"value":18446744073709551615},{"value":0},{"value":0},{"value":0},{"value":0},{"value":0},{"value":0},{"value":0},{"value":0},{"value":0},{"value":0},{"value":0},{"value":0},{"value":0},{"value":0},{"value":0},{"value":0},{"value":0},{"value":0},{"value":0},{"value":0},{"value":0},{"value":0},{"value":0}],"flavor":"ARM_THREAD_STATE64","lr":{"value":0},"cpsr":{"value":0},"fp":{"value":0},"sp":{"value":6130315264},"esr":{"value":1442840704,"description":" Address size fault"},"pc":{"value":6711946092},"far":{"value":0}}},{"id":7060900,"frames":[{"imageOffset":7020,"symbol":"start_wqthread","symbolLocation":0,"imageIndex":79}],"threadState":{"x":[{"value":6131462144},{"value":9747},{"value":6130925568},{"value":0},{"value":409604},{"value":18446744073709551615},{"value":0},{"value":0},{"value":0},{"value":0},{"value":0},{"value":0},{"value":0},{"value":0},{"value":0},{"value":0},{"value":0},{"value":0},{"value":0},{"value":0},{"value":0},{"value":0},{"value":0},{"value":0},{"value":0},{"value":0},{"value":0},{"value":0},{"value":0}],"flavor":"ARM_THREAD_STATE64","lr":{"value":0},"cpsr":{"value":0},"fp":{"value":0},"sp":{"value":6131462144},"esr":{"value":1442840704,"description":" Address size fault"},"pc":{"value":6711946092},"far":{"value":0}}},{"id":7060901,"frames":[{"imageOffset":7020,"symbol":"start_wqthread","symbolLocation":0,"imageIndex":79}],"threadState":{"x":[{"value":6133755904},{"value":0},{"value":6133219328},{"value":0},{"value":278532},{"value":18446744073709551615},{"value":0},{"value":0},{"value":0},{"value":0},{"value":0},{"value":0},{"value":0},{"value":0},{"value":0},{"value":0},{"value":0},{"value":0},{"value":0},{"value":0},{"value":0},{"value":0},{"value":0},{"value":0},{"value":0},{"value":0},{"value":0},{"value":0},{"value":0}],"flavor":"ARM_THREAD_STATE64","lr":{"value":0},"cpsr":{"value":0},"fp":{"value":0},"sp":{"value":6133755904},"esr":{"value":0,"description":" Address size fault"},"pc":{"value":6711946092},"far":{"value":0}}}],
  "usedImages" : [
  {
    "source" : "P",
    "arch" : "arm64",
    "base" : 4337123328,
    "CFBundleShortVersionString" : "1.4.1",
    "CFBundleIdentifier" : "com.colliderli.iina",
    "size" : 16384,
    "uuid" : "aa4172ae-5c99-3a6a-8335-9417db51dc0b",
    "path" : "\/Users\/USER\/Library\/Developer\/Xcode\/DerivedData\/iina-hkezqvhzjalxsffuqoosqwastuaa\/Build\/Products\/Debug\/IINA.app\/Contents\/MacOS\/IINA",
    "name" : "IINA",
    "CFBundleVersion" : "160"
  },
  {
    "source" : "P",
    "arch" : "arm64",
    "base" : 4355244032,
    "size" : 7536640,
    "uuid" : "21ece6c0-5309-3dc2-908d-9a7cadba4cc6",
    "path" : "\/Users\/USER\/Library\/Developer\/Xcode\/DerivedData\/iina-hkezqvhzjalxsffuqoosqwastuaa\/Build\/Products\/Debug\/IINA.app\/Contents\/MacOS\/IINA.debug.dylib",
    "name" : "IINA.debug.dylib"
  },
  {
    "source" : "P",
    "arch" : "arm64",
    "base" : 4337664000,
    "size" : 131072,
    "uuid" : "24f40f16-ef22-3f2a-a10c-d292d5af4463",
    "path" : "\/Users\/USER\/Library\/Developer\/Xcode\/DerivedData\/iina-hkezqvhzjalxsffuqoosqwastuaa\/Build\/Products\/Debug\/IINA.app\/Contents\/Frameworks\/libsoxr.0.dylib",
    "name" : "libsoxr.0.dylib"
  },
  {
    "source" : "P",
    "arch" : "arm64",
    "base" : 4337221632,
    "size" : 229376,
    "uuid" : "04e74e51-5ea3-3261-a5c4-2d6b0f9de5e6",
    "path" : "\/Users\/USER\/Library\/Developer\/Xcode\/DerivedData\/iina-hkezqvhzjalxsffuqoosqwastuaa\/Build\/Products\/Debug\/IINA.app\/Contents\/Frameworks\/libnettle.8.dylib",
    "name" : "libnettle.8.dylib"
  },
  {
    "source" : "P",
    "arch" : "arm64",
    "base" : 4341743616,
    "size" : 1490944,
    "uuid" : "93371c36-d267-342d-91c2-028c70cb8ffd",
    "path" : "\/Users\/USER\/Library\/Developer\/Xcode\/DerivedData\/iina-hkezqvhzjalxsffuqoosqwastuaa\/Build\/Products\/Debug\/IINA.app\/Contents\/Frameworks\/libsamplerate.0.dylib",
    "name" : "libsamplerate.0.dylib"
  },
  {
    "source" : "P",
    "arch" : "arm64",
    "base" : 4338974720,
    "size" : 131072,
    "uuid" : "47e81c48-17b6-3bae-a402-a464f7cd414a",
    "path" : "\/Users\/USER\/Library\/Developer\/Xcode\/DerivedData\/iina-hkezqvhzjalxsffuqoosqwastuaa\/Build\/Products\/Debug\/IINA.app\/Contents\/Frameworks\/libunibreak.6.dylib",
    "name" : "libunibreak.6.dylib"
  },
  {
    "source" : "P",
    "arch" : "arm64",
    "base" : 4343316480,
    "size" : 3653632,
    "uuid" : "0f936e95-1bbd-31b1-9186-96f8b302b87d",
    "path" : "\/Users\/USER\/Library\/Developer\/Xcode\/DerivedData\/iina-hkezqvhzjalxsffuqoosqwastuaa\/Build\/Products\/Debug\/IINA.app\/Contents\/Frameworks\/libshaderc_shared.1.dylib",
    "name" : "libshaderc_shared.1.dylib"
  },
  {
    "source" : "P",
    "arch" : "arm64",
    "base" : 4338581504,
    "size" : 180224,
    "uuid" : "cf77dd18-47a8-35e4-b08a-7e0b2eb56260",
    "path" : "\/Users\/USER\/Library\/Developer\/Xcode\/DerivedData\/iina-hkezqvhzjalxsffuqoosqwastuaa\/Build\/Products\/Debug\/IINA.app\/Contents\/Frameworks\/librubberband.2.dylib",
    "name" : "librubberband.2.dylib"
  },
  {
    "source" : "P",
    "arch" : "arm64",
    "base" : 4340563968,
    "size" : 540672,
    "uuid" : "43392341-db36-3338-b872-831f542f7349",
    "path" : "\/Users\/USER\/Library\/Developer\/Xcode\/DerivedData\/iina-hkezqvhzjalxsffuqoosqwastuaa\/Build\/Products\/Debug\/IINA.app\/Contents\/Frameworks\/libarchive.13.dylib",
    "name" : "libarchive.13.dylib"
  },
  {
    "source" : "P",
    "arch" : "arm64",
    "base" : 4337565696,
    "size" : 16384,
    "uuid" : "083c1a44-cff7-3f93-ab55-e5295e141149",
    "path" : "\/Users\/USER\/Library\/Developer\/Xcode\/DerivedData\/iina-hkezqvhzjalxsffuqoosqwastuaa\/Build\/Products\/Debug\/IINA.app\/Contents\/Frameworks\/libXdmcp.6.dylib",
    "name" : "libXdmcp.6.dylib"
  },
  {
    "source" : "P",
    "arch" : "arm64",
    "base" : 4339646464,
    "size" : 163840,
    "uuid" : "4cfc2cfa-3d9b-30d7-aca7-67ac382501a6",
    "path" : "\/Users\/USER\/Library\/Developer\/Xcode\/DerivedData\/iina-hkezqvhzjalxsffuqoosqwastuaa\/Build\/Products\/Debug\/IINA.app\/Contents\/Frameworks\/libuchardet.0.dylib",
    "name" : "libuchardet.0.dylib"
  },
  {
    "source" : "P",
    "arch" : "arm64",
    "base" : 4339154944,
    "size" : 262144,
    "uuid" : "c26014d3-afda-345b-a2b6-f4fad1c63fcf",
    "path" : "\/Users\/USER\/Library\/Developer\/Xcode\/DerivedData\/iina-hkezqvhzjalxsffuqoosqwastuaa\/Build\/Products\/Debug\/IINA.app\/Contents\/Frameworks\/liblcms2.2.dylib",
    "name" : "liblcms2.2.dylib"
  },
  {
    "source" : "P",
    "arch" : "arm64",
    "base" : 4339875840,
    "size" : 376832,
    "uuid" : "f996c6bf-05bf-3466-ba77-92733fbf8729",
    "path" : "\/Users\/USER\/Library\/Developer\/Xcode\/DerivedData\/iina-hkezqvhzjalxsffuqoosqwastuaa\/Build\/Products\/Debug\/IINA.app\/Contents\/Frameworks\/libvulkan.1.dylib",
    "name" : "libvulkan.1.dylib"
  },
  {
    "source" : "P",
    "arch" : "arm64",
    "base" : 4338073600,
    "size" : 16384,
    "uuid" : "d817e5ce-d6c7-35b9-8a63-78a8ef67afea",
    "path" : "\/Users\/USER\/Library\/Developer\/Xcode\/DerivedData\/iina-hkezqvhzjalxsffuqoosqwastuaa\/Build\/Products\/Debug\/IINA.app\/Contents\/Frameworks\/libsharpyuv.0.dylib",
    "name" : "libsharpyuv.0.dylib"
  },
  {
    "source" : "P",
    "arch" : "arm64",
    "base" : 4353490944,
    "size" : 622592,
    "uuid" : "f080d083-11fe-34fb-b7b3-d2ce0857cd41",
    "path" : "\/Users\/USER\/Library\/Developer\/Xcode\/DerivedData\/iina-hkezqvhzjalxsffuqoosqwastuaa\/Build\/Products\/Debug\/IINA.app\/Contents\/Frameworks\/libdav1d.7.dylib",
    "name" : "libdav1d.7.dylib"
  },
  {
    "source" : "P",
    "arch" : "arm64",
    "base" : 4339531776,
    "size" : 32768,
    "uuid" : "85135f86-c98e-32a6-b9a8-edc2c9bee895",
    "path" : "\/Users\/USER\/Library\/Developer\/Xcode\/DerivedData\/iina-hkezqvhzjalxsffuqoosqwastuaa\/Build\/Products\/Debug\/IINA.app\/Contents\/Frameworks\/libb2.1.dylib",
    "name" : "libb2.1.dylib"
  },
  {
    "source" : "P",
    "arch" : "arm64",
    "base" : 4350328832,
    "size" : 131072,
    "uuid" : "2513d46c-2d11-354b-8286-eddfaf79ff81",
    "path" : "\/Users\/USER\/Library\/Developer\/Xcode\/DerivedData\/iina-hkezqvhzjalxsffuqoosqwastuaa\/Build\/Products\/Debug\/IINA.app\/Contents\/Frameworks\/liblzma.5.dylib",
    "name" : "liblzma.5.dylib"
  },
  {
    "source" : "P",
    "arch" : "arm64",
    "base" : 4341252096,
    "size" : 262144,
    "uuid" : "08400447-8c79-3c9a-a6bc-d72cef038e83",
    "path" : "\/Users\/USER\/Library\/Developer\/Xcode\/DerivedData\/iina-hkezqvhzjalxsffuqoosqwastuaa\/Build\/Products\/Debug\/IINA.app\/Contents\/Frameworks\/libbluray.2.dylib",
    "name" : "libbluray.2.dylib"
  },
  {
    "source" : "P",
    "arch" : "arm64",
    "base" : 4340449280,
    "size" : 49152,
    "uuid" : "e6d03355-e28f-37b7-959e-87b16f33cb20",
    "path" : "\/Users\/USER\/Library\/Developer\/Xcode\/DerivedData\/iina-hkezqvhzjalxsffuqoosqwastuaa\/Build\/Products\/Debug\/IINA.app\/Contents\/Frameworks\/libpostproc.58.dylib",
    "name" : "libpostproc.58.dylib"
  },
  {
    "source" : "P",
    "arch" : "arm64",
    "base" : 4351934464,
    "size" : 589824,
    "uuid" : "80f5ee18-62a2-383b-a507-be74c77e16a2",
    "path" : "\/Users\/USER\/Library\/Developer\/Xcode\/DerivedData\/iina-hkezqvhzjalxsffuqoosqwastuaa\/Build\/Products\/Debug\/IINA.app\/Contents\/Frameworks\/libbrotlienc.1.dylib",
    "name" : "libbrotlienc.1.dylib"
  },
  {
    "source" : "P",
    "arch" : "arm64",
    "base" : 4341612544,
    "size" : 49152,
    "uuid" : "33d92010-9e72-3cbc-b93c-1d74e7380bdb",
    "path" : "\/Users\/USER\/Library\/Developer\/Xcode\/DerivedData\/iina-hkezqvhzjalxsffuqoosqwastuaa\/Build\/Products\/Debug\/IINA.app\/Contents\/Frameworks\/libbrotlidec.1.dylib",
    "name" : "libbrotlidec.1.dylib"
  },
  {
    "source" : "P",
    "arch" : "arm64",
    "base" : 4350722048,
    "size" : 32768,
    "uuid" : "95b470f3-dc83-382b-8d3d-fec93daeaeb7",
    "path" : "\/Users\/USER\/Library\/Developer\/Xcode\/DerivedData\/iina-hkezqvhzjalxsffuqoosqwastuaa\/Build\/Products\/Debug\/IINA.app\/Contents\/Frameworks\/libsnappy.1.dylib",
    "name" : "libsnappy.1.dylib"
  },
  {
    "source" : "P",
    "arch" : "arm64",
    "base" : 4350803968,
    "size" : 704512,
    "uuid" : "0024ec9a-ed1f-39ba-bc31-29c0c24af7fd",
    "path" : "\/Users\/USER\/Library\/Developer\/Xcode\/DerivedData\/iina-hkezqvhzjalxsffuqoosqwastuaa\/Build\/Products\/Debug\/IINA.app\/Contents\/Frameworks\/libplacebo.338.dylib",
    "name" : "libplacebo.338.dylib"
  },
  {
    "source" : "P",
    "arch" : "arm64",
    "base" : 4351754240,
    "size" : 32768,
    "uuid" : "3dcca992-4452-3546-ae22-da33c88de4e0",
    "path" : "\/Users\/USER\/Library\/Developer\/Xcode\/DerivedData\/iina-hkezqvhzjalxsffuqoosqwastuaa\/Build\/Products\/Debug\/IINA.app\/Contents\/Frameworks\/libwebpmux.3.dylib",
    "name" : "libwebpmux.3.dylib"
  },
  {
    "source" : "P",
    "arch" : "arm64",
    "base" : 4354523136,
    "size" : 163840,
    "uuid" : "8c4c8025-8b63-30b7-a433-7f1944cd3eaa",
    "path" : "\/Users\/USER\/Library\/Developer\/Xcode\/DerivedData\/iina-hkezqvhzjalxsffuqoosqwastuaa\/Build\/Products\/Debug\/IINA.app\/Contents\/Frameworks\/libass.9.dylib",
    "name" : "libass.9.dylib"
  },
  {
    "source" : "P",
    "arch" : "arm64",
    "base" : 4375740416,
    "size" : 1703936,
    "uuid" : "a7b784e7-370b-3d72-ae72-ed60c80f1492",
    "path" : "\/Users\/USER\/Library\/Developer\/Xcode\/DerivedData\/iina-hkezqvhzjalxsffuqoosqwastuaa\/Build\/Products\/Debug\/IINA.app\/Contents\/Frameworks\/libunistring.5.dylib",
    "name" : "libunistring.5.dylib"
  },
  {
    "source" : "P",
    "arch" : "arm64",
    "base" : 4350525440,
    "size" : 32768,
    "uuid" : "c5498a57-3d90-376f-a92e-84db82b21c55",
    "path" : "\/Users\/USER\/Library\/Developer\/Xcode\/DerivedData\/iina-hkezqvhzjalxsffuqoosqwastuaa\/Build\/Products\/Debug\/IINA.app\/Contents\/Frameworks\/libhwy.1.dylib",
    "name" : "libhwy.1.dylib"
  },
  {
    "source" : "P",
    "arch" : "arm64",
    "base" : 4372103168,
    "size" : 2457600,
    "uuid" : "c1d414e3-d919-37bb-bd55-5b0598ae44be",
    "path" : "\/Users\/USER\/Library\/Developer\/Xcode\/DerivedData\/iina-hkezqvhzjalxsffuqoosqwastuaa\/Build\/Products\/Debug\/IINA.app\/Contents\/Frameworks\/libavfilter.10.dylib",
    "name" : "libavfilter.10.dylib"
  },
  {
    "source" : "P",
    "arch" : "arm64",
    "base" : 4381507584,
    "size" : 1523712,
    "uuid" : "34772683-ff08-3634-af6a-12f1eb43be71",
    "path" : "\/Users\/USER\/Library\/Developer\/Xcode\/DerivedData\/iina-hkezqvhzjalxsffuqoosqwastuaa\/Build\/Products\/Debug\/IINA.app\/Contents\/Frameworks\/libgnutls.30.dylib",
    "name" : "libgnutls.30.dylib"
  },
  {
    "source" : "P",
    "arch" : "arm64",
    "base" : 4375232512,
    "size" : 245760,
    "uuid" : "33192514-bd49-3bee-890f-1ffccb156602",
    "path" : "\/Users\/USER\/Library\/Developer\/Xcode\/DerivedData\/iina-hkezqvhzjalxsffuqoosqwastuaa\/Build\/Products\/Debug\/IINA.app\/Contents\/Frameworks\/libhogweed.6.dylib",
    "name" : "libhogweed.6.dylib"
  },
  {
    "source" : "P",
    "arch" : "arm64",
    "base" : 4377575424,
    "CFBundleShortVersionString" : "2.8.1",
    "CFBundleIdentifier" : "org.sparkle-project.Sparkle",
    "size" : 294912,
    "uuid" : "a308656d-31e2-38dc-9b95-54f3287f3899",
    "path" : "\/Users\/USER\/Library\/Developer\/Xcode\/DerivedData\/iina-hkezqvhzjalxsffuqoosqwastuaa\/Build\/Products\/Debug\/IINA.app\/Contents\/Frameworks\/Sparkle.framework\/Versions\/B\/Sparkle",
    "name" : "Sparkle",
    "CFBundleVersion" : "2050"
  },
  {
    "source" : "P",
    "arch" : "arm64",
    "base" : 4350623744,
    "size" : 16384,
    "uuid" : "03f6cb57-9209-3139-971e-902af1c9d979",
    "path" : "\/Users\/USER\/Library\/Developer\/Xcode\/DerivedData\/iina-hkezqvhzjalxsffuqoosqwastuaa\/Build\/Products\/Debug\/IINA.app\/Contents\/Frameworks\/libxcb-shm.0.dylib",
    "name" : "libxcb-shm.0.dylib"
  },
  {
    "source" : "P",
    "arch" : "arm64",
    "base" : 4383408128,
    "size" : 524288,
    "uuid" : "01bf017a-75df-3d07-a950-0f6c3c00568f",
    "path" : "\/Users\/USER\/Library\/Developer\/Xcode\/DerivedData\/iina-hkezqvhzjalxsffuqoosqwastuaa\/Build\/Products\/Debug\/IINA.app\/Contents\/Frameworks\/libavutil.59.dylib",
    "name" : "libavutil.59.dylib"
  },
  {
    "source" : "P",
    "arch" : "arm64",
    "base" : 4352933888,
    "size" : 98304,
    "uuid" : "fbd1c3a2-bee2-32c8-8933-a4dd41648e15",
    "path" : "\/Users\/USER\/Library\/Developer\/Xcode\/DerivedData\/iina-hkezqvhzjalxsffuqoosqwastuaa\/Build\/Products\/Debug\/IINA.app\/Contents\/Frameworks\/libintl.8.dylib",
    "name" : "libintl.8.dylib"
  },
  {
    "source" : "P",
    "arch" : "arm64",
    "base" : 4353097728,
    "size" : 81920,
    "uuid" : "95ae9f37-3a25-311f-888c-f536851a0283",
    "path" : "\/Users\/USER\/Library\/Developer\/Xcode\/DerivedData\/iina-hkezqvhzjalxsffuqoosqwastuaa\/Build\/Products\/Debug\/IINA.app\/Contents\/Frameworks\/libspeex.1.dylib",
    "name" : "libspeex.1.dylib"
  },
  {
    "source" : "P",
    "arch" : "arm64",
    "base" : 4379230208,
    "size" : 491520,
    "uuid" : "38894605-9691-34d3-9e76-d57dd921703f",
    "path" : "\/Users\/USER\/Library\/Developer\/Xcode\/DerivedData\/iina-hkezqvhzjalxsffuqoosqwastuaa\/Build\/Products\/Debug\/IINA.app\/Contents\/Frameworks\/libpcre2-8.0.dylib",
    "name" : "libpcre2-8.0.dylib"
  },
  {
    "source" : "P",
    "arch" : "arm64",
    "base" : 4379803648,
    "size" : 344064,
    "uuid" : "4002d5d2-90b8-3835-a687-322d6424d95a",
    "path" : "\/Users\/USER\/Library\/Developer\/Xcode\/DerivedData\/iina-hkezqvhzjalxsffuqoosqwastuaa\/Build\/Products\/Debug\/IINA.app\/Contents\/Frameworks\/libswscale.8.dylib",
    "name" : "libswscale.8.dylib"
  },
  {
    "source" : "P",
    "arch" : "arm64",
    "base" : 4351836160,
    "size" : 16384,
    "uuid" : "6f2ea8d6-991f-32ea-8523-9441c0fd34ec",
    "path" : "\/Users\/USER\/Library\/Developer\/Xcode\/DerivedData\/iina-hkezqvhzjalxsffuqoosqwastuaa\/Build\/Products\/Debug\/IINA.app\/Contents\/Frameworks\/libjxl_threads.0.10.dylib",
    "name" : "libjxl_threads.0.10.dylib"
  },
  {
    "source" : "P",
    "arch" : "arm64",
    "base" : 4378001408,
    "size" : 229376,
    "uuid" : "aa288ecb-7cbb-3e03-9f74-fb7f343aa390",
    "path" : "\/Users\/USER\/Library\/Developer\/Xcode\/DerivedData\/iina-hkezqvhzjalxsffuqoosqwastuaa\/Build\/Products\/Debug\/IINA.app\/Contents\/Frameworks\/libzimg.2.dylib",
    "name" : "libzimg.2.dylib"
  },
  {
    "source" : "P",
    "arch" : "arm64",
    "base" : 4405231616,
    "size" : 1228800,
    "uuid" : "58dd173b-a7f0-3555-9b98-4358e8ce3eac",
    "path" : "\/Users\/USER\/Library\/Developer\/Xcode\/DerivedData\/iina-hkezqvhzjalxsffuqoosqwastuaa\/Build\/Products\/Debug\/IINA.app\/Contents\/Frameworks\/libjxl.0.10.dylib",
    "name" : "libjxl.0.10.dylib"
  },
  {
    "source" : "P",
    "arch" : "arm64",
    "base" : 4352606208,
    "size" : 196608,
    "uuid" : "488fdcc4-f731-30c1-aac1-bc2252835ca5",
    "path" : "\/Users\/USER\/Library\/Developer\/Xcode\/DerivedData\/iina-hkezqvhzjalxsffuqoosqwastuaa\/Build\/Products\/Debug\/IINA.app\/Contents\/Frameworks\/libidn2.0.dylib",
    "name" : "libidn2.0.dylib"
  },
  {
    "source" : "P",
    "arch" : "arm64",
    "base" : 4380246016,
    "size" : 212992,
    "uuid" : "b439368a-a8a2-3e69-a686-7860d5cde22f",
    "path" : "\/Users\/USER\/Library\/Developer\/Xcode\/DerivedData\/iina-hkezqvhzjalxsffuqoosqwastuaa\/Build\/Products\/Debug\/IINA.app\/Contents\/Frameworks\/libmujs.dylib",
    "name" : "libmujs.dylib"
  },
  {
    "source" : "P",
    "arch" : "arm64",
    "base" : 4353228800,
    "size" : 114688,
    "uuid" : "b70d31b2-7c4c-371e-b651-68e9ad1972b5",
    "path" : "\/Users\/USER\/Library\/Developer\/Xcode\/DerivedData\/iina-hkezqvhzjalxsffuqoosqwastuaa\/Build\/Products\/Debug\/IINA.app\/Contents\/Frameworks\/libfribidi.0.dylib",
    "name" : "libfribidi.0.dylib"
  },
  {
    "source" : "P",
    "arch" : "arm64",
    "base" : 4378411008,
    "size" : 376832,
    "uuid" : "0a568399-a9bc-30ca-b330-98bb6bf78f63",
    "path" : "\/Users\/USER\/Library\/Developer\/Xcode\/DerivedData\/iina-hkezqvhzjalxsffuqoosqwastuaa\/Build\/Products\/Debug\/IINA.app\/Contents\/Frameworks\/libzmq.5.dylib",
    "name" : "libzmq.5.dylib"
  },
  {
    "source" : "P",
    "arch" : "arm64",
    "base" : 4400939008,
    "size" : 360448,
    "uuid" : "22e9e3b7-6e1f-3b91-9632-131f0eee034c",
    "path" : "\/Users\/USER\/Library\/Developer\/Xcode\/DerivedData\/iina-hkezqvhzjalxsffuqoosqwastuaa\/Build\/Products\/Debug\/IINA.app\/Contents\/Frameworks\/libgmp.10.dylib",
    "name" : "libgmp.10.dylib"
  },
  {
    "source" : "P",
    "arch" : "arm64",
    "base" : 4355014656,
    "size" : 49152,
    "uuid" : "c5690b6b-5a4e-3bdd-b887-9923f432f71d",
    "path" : "\/Users\/USER\/Library\/Developer\/Xcode\/DerivedData\/iina-hkezqvhzjalxsffuqoosqwastuaa\/Build\/Products\/Debug\/IINA.app\/Contents\/Frameworks\/libtasn1.6.dylib",
    "name" : "libtasn1.6.dylib"
  },
  {
    "source" : "P",
    "arch" : "arm64",
    "base" : 4353409024,
    "size" : 16384,
    "uuid" : "bc767ae5-8eae-3c31-bfec-b5f3ad72c3f7",
    "path" : "\/Users\/USER\/Library\/Developer\/Xcode\/DerivedData\/iina-hkezqvhzjalxsffuqoosqwastuaa\/Build\/Products\/Debug\/IINA.app\/Contents\/Frameworks\/libxcb-xfixes.0.dylib",
    "name" : "libxcb-xfixes.0.dylib"
  },
  {
    "source" : "P",
    "arch" : "arm64",
    "base" : 4401397760,
    "size" : 262144,
    "uuid" : "bde67117-feee-3e02-bdd6-f419708cb957",
    "path" : "\/Users\/USER\/Library\/Developer\/Xcode\/DerivedData\/iina-hkezqvhzjalxsffuqoosqwastuaa\/Build\/Products\/Debug\/IINA.app\/Contents\/Frameworks\/libwebp.7.dylib",
    "name" : "libwebp.7.dylib"
  },
  {
    "source" : "P",
    "arch" : "arm64",
    "base" : 4401758208,
    "size" : 1933312,
    "uuid" : "edd205ba-ead3-33ac-9abd-323878b6bab0",
    "path" : "\/Users\/USER\/Library\/Developer\/Xcode\/DerivedData\/iina-hkezqvhzjalxsffuqoosqwastuaa\/Build\/Products\/Debug\/IINA.app\/Contents\/Frameworks\/libavformat.61.dylib",
    "name" : "libavformat.61.dylib"
  },
  {
    "source" : "P",
    "arch" : "arm64",
    "base" : 4380540928,
    "size" : 704512,
    "uuid" : "50bb16ab-207a-38ca-9641-7ea02ee57990",
    "path" : "\/Users\/USER\/Library\/Developer\/Xcode\/DerivedData\/iina-hkezqvhzjalxsffuqoosqwastuaa\/Build\/Products\/Debug\/IINA.app\/Contents\/Frameworks\/libzstd.1.dylib",
    "name" : "libzstd.1.dylib"
  },
  {
    "source" : "P",
    "arch" : "arm64",
    "base" : 4404051968,
    "size" : 376832,
    "uuid" : "5b2fc141-f758-3d56-9816-3aa1059cfd5b",
    "path" : "\/Users\/USER\/Library\/Developer\/Xcode\/DerivedData\/iina-hkezqvhzjalxsffuqoosqwastuaa\/Build\/Products\/Debug\/IINA.app\/Contents\/Frameworks\/libjpeg.8.dylib",
    "name" : "libjpeg.8.dylib"
  },
  {
    "source" : "P",
    "arch" : "arm64",
    "base" : 4414095360,
    "size" : 2719744,
    "uuid" : "6f60ed1a-cfea-375e-b5ea-67f293e21d1c",
    "path" : "\/Users\/USER\/Library\/Developer\/Xcode\/DerivedData\/iina-hkezqvhzjalxsffuqoosqwastuaa\/Build\/Products\/Debug\/IINA.app\/Contents\/Frameworks\/libmpv.2.dylib",
    "name" : "libmpv.2.dylib"
  },
  {
    "source" : "P",
    "arch" : "arm64",
    "base" : 4355129344,
    "size" : 49152,
    "uuid" : "58a03ddf-c2a8-39db-917e-7e644d4f352d",
    "path" : "\/Users\/USER\/Library\/Developer\/Xcode\/DerivedData\/iina-hkezqvhzjalxsffuqoosqwastuaa\/Build\/Products\/Debug\/IINA.app\/Contents\/Frameworks\/libjxl_cms.0.10.dylib",
    "name" : "libjxl_cms.0.10.dylib"
  },
  {
    "source" : "P",
    "arch" : "arm64",
    "base" : 4379066368,
    "size" : 16384,
    "uuid" : "af8acecd-49d7-34fb-9329-a8d20247afab",
    "path" : "\/Users\/USER\/Library\/Developer\/Xcode\/DerivedData\/iina-hkezqvhzjalxsffuqoosqwastuaa\/Build\/Products\/Debug\/IINA.app\/Contents\/Frameworks\/libXau.6.dylib",
    "name" : "libXau.6.dylib"
  },
  {
    "source" : "P",
    "arch" : "arm64",
    "base" : 4375560192,
    "size" : 81920,
    "uuid" : "5d860767-5df2-33bf-9c36-3804ac5df363",
    "path" : "\/Users\/USER\/Library\/Developer\/Xcode\/DerivedData\/iina-hkezqvhzjalxsffuqoosqwastuaa\/Build\/Products\/Debug\/IINA.app\/Contents\/Frameworks\/libswresample.5.dylib",
    "name" : "libswresample.5.dylib"
  },
  {
    "source" : "P",
    "arch" : "arm64",
    "base" : 4404920320,
    "size" : 98304,
    "uuid" : "95b47d1a-3e15-304c-934e-5ae67d4c99fa",
    "path" : "\/Users\/USER\/Library\/Developer\/Xcode\/DerivedData\/iina-hkezqvhzjalxsffuqoosqwastuaa\/Build\/Products\/Debug\/IINA.app\/Contents\/Frameworks\/libavdevice.61.dylib",
    "name" : "libavdevice.61.dylib"
  },
  {
    "source" : "P",
    "arch" : "arm64",
    "base" : 4407902208,
    "size" : 475136,
    "uuid" : "ebd864cb-2255-3178-a9c6-d75bb7615ad5",
    "path" : "\/Users\/USER\/Library\/Developer\/Xcode\/DerivedData\/iina-hkezqvhzjalxsffuqoosqwastuaa\/Build\/Products\/Debug\/IINA.app\/Contents\/Frameworks\/libluajit-5.1.2.dylib",
    "name" : "libluajit-5.1.2.dylib"
  },
  {
    "source" : "P",
    "arch" : "arm64",
    "base" : 4379148288,
    "size" : 16384,
    "uuid" : "677eee1b-19cd-32e1-b02b-6326bd1b9739",
    "path" : "\/Users\/USER\/Library\/Developer\/Xcode\/DerivedData\/iina-hkezqvhzjalxsffuqoosqwastuaa\/Build\/Products\/Debug\/IINA.app\/Contents\/Frameworks\/libxcb-shape.0.dylib",
    "name" : "libxcb-shape.0.dylib"
  },
  {
    "source" : "P",
    "arch" : "arm64",
    "base" : 4381360128,
    "size" : 49152,
    "uuid" : "945cb4cd-6880-367b-8720-cc94bda7780f",
    "path" : "\/Users\/USER\/Library\/Developer\/Xcode\/DerivedData\/iina-hkezqvhzjalxsffuqoosqwastuaa\/Build\/Products\/Debug\/IINA.app\/Contents\/Frameworks\/libvidstab.1.2.dylib",
    "name" : "libvidstab.1.2.dylib"
  },
  {
    "source" : "P",
    "arch" : "arm64",
    "base" : 4404527104,
    "size" : 147456,
    "uuid" : "c5f97277-5a16-3165-b6a4-c02ecb5856e3",
    "path" : "\/Users\/USER\/Library\/Developer\/Xcode\/DerivedData\/iina-hkezqvhzjalxsffuqoosqwastuaa\/Build\/Products\/Debug\/IINA.app\/Contents\/Frameworks\/libpng16.16.dylib",
    "name" : "libpng16.16.dylib"
  },
  {
    "source" : "P",
    "arch" : "arm64",
    "base" : 4408459264,
    "size" : 294912,
    "uuid" : "a75b66a5-7c1b-307d-8564-3089bf83079d",
    "path" : "\/Users\/USER\/Library\/Developer\/Xcode\/DerivedData\/iina-hkezqvhzjalxsffuqoosqwastuaa\/Build\/Products\/Debug\/IINA.app\/Contents\/Frameworks\/libsodium.26.dylib",
    "name" : "libsodium.26.dylib"
  },
  {
    "source" : "P",
    "arch" : "arm64",
    "base" : 4404740096,
    "size" : 131072,
    "uuid" : "15dfbb90-c0d0-3c0f-b36d-bf3dc58fe719",
    "path" : "\/Users\/USER\/Library\/Developer\/Xcode\/DerivedData\/iina-hkezqvhzjalxsffuqoosqwastuaa\/Build\/Products\/Debug\/IINA.app\/Contents\/Frameworks\/libbrotlicommon.1.dylib",
    "name" : "libbrotlicommon.1.dylib"
  },
  {
    "source" : "P",
    "arch" : "arm64",
    "base" : 4411359232,
    "size" : 802816,
    "uuid" : "8e4e5c1a-09bb-323b-ad5e-ee305d2f2c3f",
    "path" : "\/Users\/USER\/Library\/Developer\/Xcode\/DerivedData\/iina-hkezqvhzjalxsffuqoosqwastuaa\/Build\/Products\/Debug\/IINA.app\/Contents\/Frameworks\/libharfbuzz.0.dylib",
    "name" : "libharfbuzz.0.dylib"
  },
  {
    "source" : "P",
    "arch" : "arm64",
    "base" : 4407263232,
    "size" : 81920,
    "uuid" : "2f7726bb-1c18-368a-9d3a-949928009d26",
    "path" : "\/Users\/USER\/Library\/Developer\/Xcode\/DerivedData\/iina-hkezqvhzjalxsffuqoosqwastuaa\/Build\/Products\/Debug\/IINA.app\/Contents\/Frameworks\/libxcb.1.dylib",
    "name" : "libxcb.1.dylib"
  },
  {
    "source" : "P",
    "arch" : "arm64",
    "base" : 4406853632,
    "size" : 212992,
    "uuid" : "38c153b8-da8c-3faa-b8d0-44a78d5cabd8",
    "path" : "\/Users\/USER\/Library\/Developer\/Xcode\/DerivedData\/iina-hkezqvhzjalxsffuqoosqwastuaa\/Build\/Products\/Debug\/IINA.app\/Contents\/Frameworks\/libfontconfig.1.dylib",
    "name" : "libfontconfig.1.dylib"
  },
  {
    "source" : "P",
    "arch" : "arm64",
    "base" : 4412604416,
    "size" : 983040,
    "uuid" : "00dc5305-53cf-3668-9100-7e862480ff11",
    "path" : "\/Users\/USER\/Library\/Developer\/Xcode\/DerivedData\/iina-hkezqvhzjalxsffuqoosqwastuaa\/Build\/Products\/Debug\/IINA.app\/Contents\/Frameworks\/libglib-2.0.0.dylib",
    "name" : "libglib-2.0.0.dylib"
  },
  {
    "source" : "P",
    "arch" : "arm64",
    "base" : 4408868864,
    "size" : 81920,
    "uuid" : "3a69071a-24ff-3591-aa3d-41f52f386f26",
    "path" : "\/Users\/USER\/Library\/Developer\/Xcode\/DerivedData\/iina-hkezqvhzjalxsffuqoosqwastuaa\/Build\/Products\/Debug\/IINA.app\/Contents\/Frameworks\/libgraphite2.3.dylib",
    "name" : "libgraphite2.3.dylib"
  },
  {
    "source" : "P",
    "arch" : "arm64",
    "base" : 4409016320,
    "size" : 999424,
    "uuid" : "72f33e9a-544c-3ba6-b612-542c2ad8a61e",
    "path" : "\/Users\/USER\/Library\/Developer\/Xcode\/DerivedData\/iina-hkezqvhzjalxsffuqoosqwastuaa\/Build\/Products\/Debug\/IINA.app\/Contents\/Frameworks\/libp11-kit.0.dylib",
    "name" : "libp11-kit.0.dylib"
  },
  {
    "source" : "P",
    "arch" : "arm64",
    "base" : 4439572480,
    "size" : 9502720,
    "uuid" : "05d9e113-3822-3174-9cd2-65b469b7be4f",
    "path" : "\/Users\/USER\/Library\/Developer\/Xcode\/DerivedData\/iina-hkezqvhzjalxsffuqoosqwastuaa\/Build\/Products\/Debug\/IINA.app\/Contents\/Frameworks\/libavcodec.61.dylib",
    "name" : "libavcodec.61.dylib"
  },
  {
    "source" : "P",
    "arch" : "arm64",
    "base" : 4410474496,
    "size" : 507904,
    "uuid" : "02961864-a3c7-3200-a82e-8e403425c917",
    "path" : "\/Users\/USER\/Library\/Developer\/Xcode\/DerivedData\/iina-hkezqvhzjalxsffuqoosqwastuaa\/Build\/Products\/Debug\/IINA.app\/Contents\/Frameworks\/libfreetype.6.dylib",
    "name" : "libfreetype.6.dylib"
  },
  {
    "source" : "P",
    "arch" : "arm64",
    "base" : 4419698688,
    "size" : 868352,
    "uuid" : "4f3ac22b-c661-3a33-a93d-b362a8d2f9f9",
    "path" : "\/Users\/USER\/Library\/Developer\/Xcode\/DerivedData\/iina-hkezqvhzjalxsffuqoosqwastuaa\/Build\/Products\/Debug\/IINA.app\/Contents\/Frameworks\/libX11.6.dylib",
    "name" : "libX11.6.dylib"
  },
  {
    "source" : "P",
    "arch" : "arm64",
    "base" : 4411129856,
    "size" : 131072,
    "uuid" : "99c9fce8-2282-3985-961c-1a2d969b5396",
    "path" : "\/Users\/USER\/Library\/Developer\/Xcode\/DerivedData\/iina-hkezqvhzjalxsffuqoosqwastuaa\/Build\/Products\/Debug\/IINA.app\/Contents\/Frameworks\/liblz4.1.dylib",
    "name" : "liblz4.1.dylib"
  },
  {
    "source" : "P",
    "arch" : "arm64e",
    "base" : 4434657280,
    "size" : 49152,
    "uuid" : "a3faee04-0f8b-3428-9497-560c97eca6fb",
    "path" : "\/usr\/lib\/libobjc-trampolines.dylib",
    "name" : "libobjc-trampolines.dylib"
  },
  {
    "source" : "P",
    "arch" : "arm64e",
    "base" : 4680843264,
    "CFBundleShortVersionString" : "329.2",
    "CFBundleIdentifier" : "com.apple.AGXMetalG16X",
    "size" : 7553024,
    "uuid" : "8e5557ce-84f2-3aa0-a631-94d3809e5bf0",
    "path" : "\/System\/Library\/Extensions\/AGXMetalG16X.bundle\/Contents\/MacOS\/AGXMetalG16X",
    "name" : "AGXMetalG16X",
    "CFBundleVersion" : "329.2"
  },
  {
    "source" : "P",
    "arch" : "arm64e",
    "base" : 4438622208,
    "CFBundleShortVersionString" : "1.0",
    "CFBundleIdentifier" : "com.apple.AppleMetalOpenGLRenderer",
    "size" : 425984,
    "uuid" : "28cfca54-b985-318a-a54a-7709dcd5f39e",
    "path" : "\/System\/Library\/Extensions\/AppleMetalOpenGLRenderer.bundle\/Contents\/MacOS\/AppleMetalOpenGLRenderer",
    "name" : "AppleMetalOpenGLRenderer",
    "CFBundleVersion" : "1"
  },
  {
    "source" : "P",
    "arch" : "arm64e",
    "base" : 7005159424,
    "size" : 5697344,
    "uuid" : "7186c5c8-2a46-3f35-b27f-f7f6923f7186",
    "path" : "\/usr\/lib\/swift\/libswiftCore.dylib",
    "name" : "libswiftCore.dylib"
  },
  {
    "source" : "P",
    "arch" : "arm64e",
    "base" : 6778892288,
    "CFBundleShortVersionString" : "6.9",
    "CFBundleIdentifier" : "com.apple.AppKit",
    "size" : 21564992,
    "uuid" : "860c164c-d04c-30ff-8c6f-e672b74caf11",
    "path" : "\/System\/Library\/Frameworks\/AppKit.framework\/Versions\/C\/AppKit",
    "name" : "AppKit",
    "CFBundleVersion" : "2575.70.52"
  },
  {
    "source" : "P",
    "arch" : "arm64e",
    "base" : 6708133888,
    "size" : 636280,
    "uuid" : "3247e185-ced2-36ff-9e29-47a77c23e004",
    "path" : "\/usr\/lib\/dyld",
    "name" : "dyld"
  },
  {
    "size" : 0,
    "source" : "A",
    "base" : 0,
    "uuid" : "00000000-0000-0000-0000-000000000000"
  },
  {
    "source" : "P",
    "arch" : "arm64e",
    "base" : 6711939072,
    "size" : 51784,
    "uuid" : "d6494ba9-171e-39fc-b1aa-28ecf87975d1",
    "path" : "\/usr\/lib\/system\/libsystem_pthread.dylib",
    "name" : "libsystem_pthread.dylib"
  },
  {
    "source" : "P",
    "arch" : "arm64e",
    "base" : 6711693312,
    "size" : 243284,
    "uuid" : "6e4a96ad-04b8-3e8a-b91d-087e62306246",
    "path" : "\/usr\/lib\/system\/libsystem_kernel.dylib",
    "name" : "libsystem_kernel.dylib"
  },
  {
    "source" : "P",
    "arch" : "arm64e",
    "base" : 7227236352,
    "CFBundleShortVersionString" : "20621",
    "CFBundleIdentifier" : "com.apple.JavaScriptCore",
    "size" : 26237344,
    "uuid" : "124e513d-5932-3a30-9f2d-15086a1e382c",
    "path" : "\/System\/Library\/Frameworks\/JavaScriptCore.framework\/Versions\/A\/JavaScriptCore",
    "name" : "JavaScriptCore",
    "CFBundleVersion" : "20621.3.11.11.3"
  },
  {
    "source" : "P",
    "arch" : "arm64e",
    "base" : 6712418304,
    "CFBundleShortVersionString" : "6.9",
    "CFBundleIdentifier" : "com.apple.CoreFoundation",
    "size" : 5500928,
    "uuid" : "8d45baee-6cc0-3b89-93fd-ea1c8e15c6d7",
    "path" : "\/System\/Library\/Frameworks\/CoreFoundation.framework\/Versions\/A\/CoreFoundation",
    "name" : "CoreFoundation",
    "CFBundleVersion" : "3603"
  },
  {
    "source" : "P",
    "arch" : "arm64e",
    "base" : 6903271424,
    "CFBundleShortVersionString" : "1.0",
    "CFBundleIdentifier" : "com.apple.audio.caulk",
    "size" : 163296,
    "uuid" : "42085f32-42e2-3f11-b0b4-0343137b5f72",
    "path" : "\/System\/Library\/PrivateFrameworks\/caulk.framework\/Versions\/A\/caulk",
    "name" : "caulk"
  }
],
  "sharedCache" : {
  "base" : 6707298304,
  "size" : 5040898048,
  "uuid" : "032c7bce-a479-35b8-97bc-ce7f8f80ccab"
},
  "vmSummary" : "ReadOnly portion of Libraries: Total=1.8G resident=0K(0%) swapped_out_or_unallocated=1.8G(100%)\nWritable regions: Total=6.0G written=833K(0%) resident=833K(0%) swapped_out=0K(0%) unallocated=6.0G(100%)\n\n                                VIRTUAL   REGION \nREGION TYPE                        SIZE    COUNT (non-coalesced) \n===========                     =======  ======= \nAccelerate framework               128K        1 \nActivity Tracing                   256K        1 \nCG image                          1264K       18 \nColorSync                          576K       30 \nCoreAnimation                     4112K      139 \nCoreGraphics                        32K        2 \nCoreImage                           16K        1 \nCoreUI image data                 2752K       21 \nFoundation                          16K        1 \nKernel Alloc Once                   32K        1 \nMALLOC                             1.8G       73 \nMALLOC guard page                  288K       18 \nSTACK GUARD                       56.3M       20 \nStack                             18.1M       20 \nVM_ALLOCATE                      129.5M       25 \nVM_ALLOCATE (reserved)             3.9G        1         reserved VM address space (unallocated)\nWebKit Malloc                    192.5M       16 \n__AUTH                            5930K      715 \n__AUTH_CONST                      79.0M      964 \n__CTF                               824        1 \n__DATA                            50.8M     1008 \n__DATA_CONST                      30.7M     1045 \n__DATA_DIRTY                      2786K      343 \n__FONT_DATA                        2352        1 \n__GLSLBUILTINS                    5174K        1 \n__INFO_FILTER                         8        1 \n__LINKEDIT                       635.8M       76 \n__OBJC_RO                         61.4M        1 \n__OBJC_RW                         2396K        1 \n__TEXT                             1.1G     1068 \n__TPRO_CONST                       128K        2 \ndyld private memory                128K        1 \nmapped file                      289.0M       53 \npage table in kernel               833K        1 \nshared memory                     1504K       23 \n===========                     =======  ======= \nTOTAL                              8.3G     5693 \nTOTAL, minus reserved VM space     4.4G     5693 \n",
  "legacyInfo" : {
  "threadTriggered" : {
    "queue" : "com.apple.main-thread"
  }
},
  "logWritingSignature" : "6e5a5eb44eab6d9ac92b74524309004d137e9e0f",
  "trialInfo" : {
  "rollouts" : [
    {
      "rolloutId" : "642da32dea3b2418c750f848",
      "factorPackIds" : {

      },
      "deploymentId" : 240000011
    },
    {
      "rolloutId" : "644114de41e7236e6177f9bd",
      "factorPackIds" : {

      },
      "deploymentId" : 240000013
    }
  ],
  "experiments" : [

  ]
}
}

